"countryOnly","country","N_Medium firms","mean_Medium firms","median_Medium firms","sd_Medium firms","iqr_Medium firms","OPcov_Medium firms","OPcovNoWeights_Medium firms","indAlloc_Medium firms","N_Small firms","mean_Small firms","median_Small firms","sd_Small firms","iqr_Small firms","OPcov_Small firms","OPcovNoWeights_Small firms","indAlloc_Small firms","outliersOut","N_Large firms","mean_Large firms","median_Large firms","sd_Large firms","iqr_Large firms","OPcov_Large firms","OPcovNoWeights_Large firms","indAlloc_Large firms","yearOnly","region","countryDes","incomeLevel"
"Afghanistan","Afghanistan2014",14,0.210579458642818,0.0522547701665454,0.471253754841268,0.391211840888067,0.0401783540303973,0.0299534130153206,1.52959222386478,5,0.0722118298776711,0.0840396660156814,0.0609718257878679,0.0972144790075825,-0.000261170428850251,-0.00680717887345669,0.633177856361247,6,NA,NA,NA,NA,NA,NA,NA,NA,"2014","South Asia","Afghanistan","Low income"
"Albania","Albania2013",11,0.202752466894731,0.11219931767801,0.234562416980714,0.183660890361873,0.00191632725339969,0.0133230458104256,0.94416785400449,20,0.521160782420397,0.385474945227293,0.500489945309357,0.687267814927389,-0.0343450576005375,-0.0423553613526698,1.26612648334914,5,NA,NA,NA,NA,NA,NA,NA,NA,"2013","Europe and Central Asia","Albania","Upper middle income"
"Angola","Angola2010",29,0.0597148257268193,0.0114461649887549,0.0976706224006515,0.0469446911044415,0.018741006175581,0.0179088560436741,0.486267206914939,54,0.0493953550585946,0.00365558186053753,0.0832948754688651,0.0680067836996323,0.00240041767375811,0.00205258280621663,0.914084125676777,6,17,0.051557964085069,0.0201892337302037,0.0694121050558272,0.0609450967671061,0.00310689380257755,0.00496953981732721,0.889555413797841,"2010","Sub-Saharan Africa","Angola","Upper middle income"
"Antiguaandbarbuda","Antiguaandbarbuda2010",6,0.28872638983063,0.268812570919694,0.143763237178596,0.280076720210981,0.0122453485531612,0.0122453485531612,1.01428571428571,25,0.441545326460519,0.437158469945355,0.163949326605725,0.185138058277134,0.0109404248973325,0.0109404248973325,0.909090909090909,0,NA,NA,NA,NA,NA,NA,NA,NA,"2010","Latin America and Caribbean","Antigua and Barbuda","High income"
"Argentina","Argentina2010",215,0.454535057190608,0.460303492063958,0.299563377814203,0.374959019080716,0.0137477903672271,0.00619045433312201,0.889864037965833,152,0.537063911700309,0.538007757238594,0.297638613188568,0.290916951912469,-0.00869910481117095,-0.00936971350340885,0.894232826202255,23,169,0.461241560585784,0.425836758913864,0.252017391537278,0.352016472253464,-0.0572794495718967,-0.034641683794366,1.42174044261327,"2010","Latin America and Caribbean","Argentina","High income"
"Armenia","Armenia2013",23,0.341049631370237,0.320744948527175,0.253152984742019,0.45793559882907,0.0147985733556503,-0.00400858786254152,1.3858720794041,29,0.393105909391856,0.25047021462639,0.547643498523866,0.634351922139859,-0.0219465010440941,0.0165449670544251,0.851931579494334,1,10,0.885920792106465,0.776974903366758,0.814037708506206,1.6179958398575,-0.328691124705929,-0.167684411195206,0.301258524853194,"2013","Europe and Central Asia","Armenia","Lower middle income"
"Azerbaijan","Azerbaijan2013",30,0.584801016795656,0.697104285360826,0.267645557267276,0.39832008496122,-0.0731443284407223,-0.0630052939761032,1.45700666339143,14,0.623872785460982,0.634781482036191,0.165205753554185,0.0792029887920301,0.00142426012108184,0.0037852826036904,0.826619896582344,2,2,0.62749131833121,0.62749131833121,0.015755361020802,0.0222814452357026,-0.00126096216237346,-0.00125782352137031,1.12345515173038,"2013","Europe and Central Asia","Azerbaijan","Upper middle income"
"Bahamas","Bahamas2010",13,0.501224506737933,0.30530491989889,0.392550466047806,0.542553191489362,-0.0372401051403438,-0.0165864562787683,1.69166666666667,19,0.498116586817195,0.487534453340333,0.2386636040267,0.414458486207365,-0.0305860014614544,-0.0277151742941712,1.01176470588235,0,2,0.402022468751757,0.402022468751757,0.205305842831345,0.290346307366527,-0.090115588104846,-0.090115588104846,NA,"2010","Latin America and Caribbean","Bahamas, The","High income"
"Bangladesh","Bangladesh2013",410,0.432528679105196,0.430096303782334,0.263765535947217,0.366666666666666,-0.00052733420785227,-0.00434711545509665,1.12,306,0.439285777922428,0.427541010240942,0.256424853053905,0.322418997311702,-0.000659545126531808,-0.00136069534460466,1,21,366,0.357452684731619,0.332396354562956,0.261797470893282,0.362156690375343,0.00187899295002682,0.0325871354028626,0.35864497044327,"2013","South Asia","Bangladesh","Lower middle income"
"Barbados","Barbados2010",16,0.50702598900857,0.507992332079923,0.130835046390273,0.0795215722413034,0.000638873299318303,0.000638873299318303,0.752941176470588,17,0.462608374993197,0.51063829787234,0.18813227957118,0.272291593925918,0.0266081928994745,0.0266081928994745,1,3,3,0.275576967041117,0.26416059830742,0.0598186716633002,0.117991921304196,0.0140685403186433,0.0140685403186433,0.553846153846154,"2010","Latin America and Caribbean","Barbados","High income"
"Belarus","Belarus2013",25,0.433305350679583,0.39343407077435,0.207163860616091,0.38537794981532,0.0049959576052521,-0.00127091610602231,1.27981699397643,29,0.316135682617221,0.296442334954936,0.213865321667561,0.288550189229093,-0.00902569137563528,-0.0145440635820903,1.43369574088917,1,17,0.4284117467987,0.492163621590233,0.354627192887842,0.354710144927536,-0.26985331250174,-0.15476093894296,0.233037822430891,"2013","Europe and Central Asia","Belarus","Upper middle income"
"Belize","Belize2010",23,0.374070684941025,0.332473921560592,0.150359966368774,0.22318339100346,0.00306180627483402,0.00623330186902445,1.12702009160185,42,0.52661590590076,0.363450020911675,0.371252487826041,0.507711389128559,-0.0812849295496082,-0.0279270023710197,2,0,7,0.341690121100149,0.305408456159953,0.180522698409154,0.199991833195299,-0.0336378182561239,-0.0270077133334243,0.962378782076427,"2010","Latin America and Caribbean","Belize","Upper middle income"
"Bhutan","Bhutan2015",18,0.604877336106722,0.648062351373563,0.430981599815466,0.753855204795941,-0.0917198509913801,-0.0627096472526309,1.14122727394104,45,0.649684469925476,0.507180998170941,0.599331211136852,0.573052538937348,0.0125678189892939,0.0209787546752561,1.38062493858229,2,6,0.401467584180131,0.422090170749807,0.295479181660943,0.526737850554583,-0.0499946707396108,-0.0375264132977193,1.21409817759992,"2015","South Asia","Bhutan","Lower middle income"
"Bih","Bih2013",30,0.458247306121471,0.479066752482923,0.273295171177304,0.388426702775636,0.0304062612061234,0.0140437962503667,0.793142694927902,35,0.574326772412016,0.510872375319143,0.558868043767395,0.643129870226342,-0.0252384971063026,-0.0216197203370243,1.2690317672506,2,6,0.405068261845157,0.44376177429003,0.251575623649684,0.00899729226223955,0.0291411998834788,0.0188907772644576,0.784016090467362,"2013","Europe and Central Asia","Bosnia and Herzegovina","Upper middle income"
"Bolivia","Bolivia2010",NA,NA,NA,NA,NA,NA,NA,NA,10,0.205617531277759,0.257561977578158,0.218172520683592,0.253055648743013,-0.0162933380775194,-0.0254182559175579,1.37414895297136,12,16,0.740394109300789,0.64459380064925,0.557640521041698,0.641118842915549,0.060168339115699,0.0841404305913007,0.724004185204987,"2010","Latin America and Caribbean","Bolivia","Lower middle income"
"Botswana","Botswana2010",23,0.319773501310583,0.226403371614084,0.260183726561969,0.265780705519186,0.0459337002563579,0.0435203397201118,0.734831779364444,23,0.478379375677108,0.414014523561858,0.258876937087169,0.256933073015073,-0.00683085678859352,-0.00392632030959063,1.29057723156504,2,14,0.280070041925276,0.268630732147796,0.147039613981293,0.115137104755915,-0.0202952691419728,-0.0245418584492482,0.857142857142857,"2010","Sub-Saharan Africa","Botswana","Upper middle income"
"Brazil","Brazil2009",489,0.423412366128348,0.363825353740921,0.315423195028626,0.484173640548518,0.0179643854324557,-0.00227587684372762,1,362,0.365190381715944,0.30939325921738,0.248443541295712,0.370475227502528,0.012361930656784,0.00795610432555879,1,33,222,0.308708119600669,0.260189235349231,0.227834378231901,0.308760688978204,-0.00503248779031713,-0.0377645304676803,0.65625,"2009","Latin America and Caribbean","Brazil","Upper middle income"
"Bulgaria","Bulgaria2013",25,0.496583829374682,0.563141029644924,0.228813211262038,0.301496942863167,-0.0153255646546447,-0.00543023380875366,1.00288974976472,38,0.452201273681195,0.464220048500923,0.297886699225275,0.476934523809524,-0.0152317055211837,-0.0220907727588401,0.824745732258261,1,16,0.538864795098193,0.55422259197245,0.229495482204921,0.397070308377483,-0.0294245736104495,0.00422372225388048,1.23326242126264,"2013","Europe and Central Asia","Bulgaria","Upper middle income"
"Burkinafaso","Burkinafaso2009",15,0.1780567150495,0.179956689951201,0.0980223590697941,0.225513669828159,0.00523909372796431,0.0104301143706333,0.77193013157632,20,0.165188952675297,0.0993672655417279,0.15696154782497,0.17196682464455,0.00199408189516177,0.00878050941897054,1.08678674007987,6,2,0.0122988740729261,0.0122988740729261,0.000679834374642147,0,3.70355861167252e-05,5.11399464248062e-05,0.84950979265913,"2009","Sub-Saharan Africa","Burkina Faso","Low income"
"Burundi","Burundi2014",37,0.270311094069561,0.169622803943318,0.221796434381442,0.300969119873147,-0.00300146293661503,-0.0113785827335759,0.654358597587957,8,0.315227140797535,0.250605291699669,0.243291966661835,0.349530766482799,-0.00251163463675253,-0.00145248278484057,1.33333333333333,0,3,0.241388778619088,0.157768691655848,0.233879813694227,0.405706389522613,-0.119835440851496,-0.100819966676991,4.73548567299011,"2014","Sub-Saharan Africa","Burundi","Low income"
"Cameroon","Cameroon2009",23,0.222501106981952,0.178624805698413,0.206514832610098,0.177952558536115,0.0378182293775544,0.0178098993917292,0.827435136375611,24,0.37789907382414,0.42769534651689,0.182535284114687,0.275800925203798,0.0288068186542857,0.0156407074152353,0.570778778590194,0,23,0.20111214099751,0.200793133429441,0.148185909624885,0.255560834637363,0.0179094189870337,0.0304441554251292,0.523686780342076,"2009","Sub-Saharan Africa","Cameroon","Lower middle income"
"Chile","Chile2010",259,0.474991087447996,0.460416725224652,0.276669247423711,0.359899939043508,0.0224849359843023,0.00219548944448219,0.561382476080166,185,0.400246892611837,0.35614611126936,0.229482049487506,0.273830594184577,0.00279545217996514,0.00418178339282591,0.923076923076923,25,165,0.346975392667518,0.287741294073512,0.242009775072804,0.298280032779646,-0.0213877279566042,-0.0183280570598464,1.07668379856265,"2010","Latin America and Caribbean","Chile","High income"
"China","China2012",605,0.294430848935118,0.275746804383483,0.186996935095544,0.257295441541102,0.00422929781093321,0.00118112866857528,1.0836802901682,196,0.294631332494978,0.253553107539556,0.181513531237433,0.223889466646858,0.00371567476351951,0.00748793698919856,1,12,598,0.306496858837192,0.250531770378188,0.220771133941547,0.323944706842404,0.053953565154895,0.02164884112808,0.827021884097498,"2012","East Asia and Pacific","China","Upper middle income"
"Colombia","Colombia2010",214,0.345578955472609,0.33426313304594,0.22254092127018,0.292636785627367,-0.0123201504588985,-0.0141012097693391,1.25925925925926,218,0.542883542606136,0.548508369065284,0.339294692567836,0.546247274992215,-0.0382397839965442,-0.0137170873413113,1.05878580739651,157,NA,NA,NA,NA,NA,NA,NA,NA,"2010","Latin America and Caribbean","Colombia","Upper middle income"
"Costarica","Costarica2010",76,0.509789145941784,0.429328344278823,0.330011270318033,0.356813944379162,-0.0153202913419407,-0.0134506941432672,0.914285714285714,74,0.740537303531772,0.522413493629218,0.621385884618744,0.480392156862745,-0.0847234863410305,-0.00932691397978436,1,9,40,0.494630683360538,0.470515640582871,0.3815892747579,0.421641791044776,-0.0764822538218048,-0.076186290964237,0.776978744639172,"2010","Latin America and Caribbean","Costa Rica","Upper middle income"
"Cotedivoire","Cotedivoire2009",37,0.46170310133628,0.529448975637238,0.244482914308842,0.362329055275997,-0.0265253322348026,-0.0383329495985845,1.05990563851435,83,0.379467160040989,0.312559096422673,0.306152845778897,0.333082811090813,-0.0472047022866517,-0.029843186131491,1.41219797932403,6,17,0.0795012725446205,0.0383053096724911,0.0841856614794563,0.0930310273443752,-0.0419957644102687,-0.045528006764882,0.764223225093469,"2009","Sub-Saharan Africa","Cote d'Ivoire","Lower middle income"
"Croatia","Croatia2013",27,0.498269405532939,0.568200401413556,0.230672355169794,0.432058231510309,-0.018539132181412,-0.0140096956667314,1.00961462336333,46,0.495516355735571,0.411960741114615,0.319036524101703,0.363748431056123,0.0194133927524402,0.0173583497152439,0.535172477894379,3,13,0.422738860432551,0.350293452747311,0.250335415309154,0.473593073593073,0.061883961212956,0.0381841109354382,0.180063983963688,"2013","Europe and Central Asia","Croatia","High income"
"Czech","Czech2013",22,0.432896267500766,0.554337259164096,0.327225495200704,0.599614731618127,0.0576428228071521,0.0537967135180876,0.976887937364472,18,0.371837829756187,0.43034756486656,0.261062748259362,0.405696298482579,-0.0258407115705445,-0.026705394996356,1.39773461175301,1,9,0.288089310616034,0.28445554517529,0.20669290161386,0.374088792829642,-0.0145917643860556,-0.0140450331668234,1.49346826745859,"2013","Europe and Central Asia","Czech Republic","High income"
"Djibouti","Djibouti2013",2,0.26912952875019,0.26912952875019,0.0115419645562837,0.016322802811926,-0.00164768305839746,-0.0016322802811926,1.21790268664108,3,0.386255731565099,0.477772504350578,0.308492340825312,0.557401255075674,0.165976348454088,0.141907376645749,0.886189037548554,0,NA,NA,NA,NA,NA,NA,NA,NA,"2013","Middle East and North Africa","Djibouti","Lower middle income"
"Dominica","Dominica2010",8,0.488729113796601,0.464218628304394,0.270429582432501,0.46936381018599,-0.0173038624867721,-0.0181853871809962,1.64761904761905,14,0.51689731514914,0.548004255631374,0.230557823423021,0.225908147584874,-0.0049754919142251,-0.0049754919142251,0.625,0,2,0.688651954129466,0.688651954129466,0.383660617101466,0.542578048053324,0.011658701858997,0.0120367143766096,0.949019607843137,"2010","Latin America and Caribbean","Dominica","Upper middle income"
"Dominicanrepublic","Dominicanrepublic2010",36,0.361304415376394,0.3869481501315,0.212364760088731,0.278766423880672,-0.0137611841453338,0.0123616799087955,1.25248506951822,24,0.436257750793467,0.351282977962544,0.298808799619548,0.455935900692955,0.00545419801408627,-0.00207990941788181,1.00016020715739,3,33,0.499182238824534,0.444141227656013,0.243515788684099,0.310890009540684,-0.0287140523812698,0.00561097259123603,1.16750377158983,"2010","Latin America and Caribbean","Dominican Republic","Upper middle income"
"Drc","Drc2013",39,0.270612055041397,0.195274211223474,0.284091555068539,0.470069797413722,-0.0114181592386679,-0.0158744439851396,0.815561823060596,132,0.341130384686173,0.32084049201112,0.231510884093854,0.369718127186977,-0.0073063498709845,0.00170300376209496,1.04695139463385,0,10,0.222382006489254,0.227101555762604,0.182560508557824,0.24325247133549,-0.119446613854624,-0.119925108520247,1.36865540949377,"2013","Sub-Saharan Africa","Congo, Dem. Rep.","Low income"
"Ecuador","Ecuador2010",32,0.396767545015342,0.392504741313471,0.189087587530362,0.214381357795232,-0.0180211421289706,-0.029890843740804,0.816669464327669,31,0.41762890573057,0.38797559501936,0.261294664063229,0.481497611788981,-0.0180581087150191,-0.0319606325507191,0.9,2,32,0.305019035557147,0.315061589801684,0.17292021754434,0.301135311872022,-0.0972465419393006,-0.0708191715541239,1.95753489611694,"2010","Latin America and Caribbean","Ecuador","Upper middle income"
"Egypt","Egypt2013",547,0.315070684990759,0.27751076284864,0.236052454214653,0.31562588747594,0.0109218500734377,-0.00807969550891646,0.643213538828656,516,0.399525787031423,0.370346258644497,0.407951235556564,0.472785860389306,-0.0308412856320973,-0.0243866672805879,0.9,80,320,0.338937731373204,0.257418542876937,0.29125317477469,0.372340425531915,-0.00477726306161392,-0.000666672900925234,1.2,"2013","Middle East and North Africa","Egypt, Arab Rep.","Lower middle income"
"Elsalvador","Elsalvador2010",31,0.827039367942755,0.6235802190367,0.811269826736737,0.639220871046507,-0.0877619432857846,-0.100988406161861,1.00143172305298,25,0.44441588614667,0.391535039186642,0.20673890306451,0.178814028856152,0.0201434522832676,-0.00672853232158371,0.620755124011367,3,35,0.441209569240448,0.309167734064913,0.32546864072976,0.448766197497279,-0.00930617438350281,-0.0628634818225142,0.617484093988952,"2010","Latin America and Caribbean","El Salvador","Lower middle income"
"Estonia","Estonia2013",17,0.398121284610315,0.356936299039627,0.24383696220164,0.381914300929521,-0.00458390679521706,0.0127105592968004,1.4459493583868,28,0.555875119943339,0.525013198917367,0.320347100304511,0.385269055861364,-0.0411034440702975,-0.0185022109028973,1.53821025545019,1,9,0.469966588875836,0.481615406213217,0.128242748318043,0.104862644366789,-0.0212335665350785,-0.020410827329629,1.87690141057556,"2013","Europe and Central Asia","Estonia","High income"
"Ethiopia","Ethiopia2011",35,0.131568704965519,0.13377757604898,0.25542917308257,0.19759095515696,-0.00341542273679134,-0.00323026304003932,1,41,0.0849096993995691,0.0502474293059126,0.114110180385451,0.0955778213710777,0.00942318013110621,0.013528019456559,1.01015160622454,18,31,0.0948045162297288,0.101186928635054,0.115401963653164,0.0834762375723729,0.0798170752608374,0.0992854932673833,1.41896613764829,"2011","Sub-Saharan Africa","Ethiopia","Low income"
"Fyrom","Fyrom2013",35,0.56836469921522,0.472766614815694,0.342819581024285,0.503854945293585,0.0156967884109358,-0.0124064049891112,1.49081776691405,54,0.529944643149825,0.482331934669801,0.302767213423099,0.501951734684898,-0.00490341936515742,0.00817325690660339,1.21805722491596,4,10,0.716915872402055,0.622814004882095,0.385060979415312,0.413298069068455,-0.0433996661410088,-0.0036597195602344,1.06795094631859,"2013","Europe and Central Asia","Macedonia, FYR","Upper middle income"
"Georgia","Georgia2013",20,0.468513743762111,0.433296292775781,0.245577441504952,0.162185314955161,0.00337996629301632,-0.0149399503814969,1.02671381771876,27,0.417238327633476,0.410069266868442,0.296184446980121,0.291606780314804,-0.0014241922930294,-0.0201761173200439,1.05897124022803,3,10,0.149609722762182,0.0852299578317666,0.469550552240374,0.496626859417557,0.0328628325555465,-0.0692105510644238,0.737098938091927,"2013","Europe and Central Asia","Georgia","Lower middle income"
"Ghana","Ghana2013",42,0.273687375414987,0.168157516219655,0.242175962681749,0.466056322946782,0.0186826782784622,0.00808277915432607,0.739400112728319,112,0.278067525183763,0.17981530167163,0.247044827048565,0.352846393647731,-0.00220820738753418,-0.00381972932879285,0.727272727272727,7,25,0.254470950264199,0.0772077170392398,0.305654072345704,0.408829221093372,-0.0237733469426706,-0.00991416544609728,0.934702108908649,"2013","Sub-Saharan Africa","Ghana","Lower middle income"
"Grenada","Grenada2010",5,0.442935337064841,0.434426229508197,0.143027191027624,0.259475694464574,-0.0325369519489781,-0.0325369519489781,1.2,11,0.536985614865992,0.57699003820574,0.165841947630837,0.262569408910872,0.0316144768723911,0.0317302319648769,0.687127230891821,1,2,0.438429406198883,0.438429406198883,0.193100416201539,0.273085227492106,0.00598393924783498,0.00598393924783498,0.958015267175573,"2010","Latin America and Caribbean","Grenada","Upper middle income"
"Guatemala","Guatemala2010",64,0.303136107258973,0.262174465270825,0.364466268284948,0.297834462581333,0.0176041077356724,0.0269126354388197,0.833333333333333,79,0.499631441981437,0.485450953033788,0.279104690793503,0.312720208734074,0.00039025715541278,-0.000653743520412357,0.912771102831537,10,75,0.492273764656722,0.493690291140785,0.316028590340661,0.456619336173912,-0.0536063784299815,-0.00236027583666869,0.501884562077541,"2010","Latin America and Caribbean","Guatemala","Lower middle income"
"Guyana","Guyana2010",31,0.482582873998471,0.286605945611298,0.414479073438738,0.587094743468681,0.0647469447894419,0.0618068513607304,0.787870225778436,11,0.487706864455461,0.446511627906977,0.258205689008896,0.374264314539819,0.008174143227078,0.00830148596825247,1.05263157894737,1,14,0.237795595252654,0.204265293155506,0.155286086244269,0.289734302521436,0.0523235295950471,0.0498437261782132,1.04725399530129,"2010","Latin America and Caribbean","Guyana","Lower middle income"
"Honduras","Honduras2010",28,0.258463468136357,0.256508585179397,0.182448553252254,0.193350178536972,0.0323941242100142,0.00882825293297275,1,44,0.675223806624282,0.258884584714748,1.10288828181122,1.6475843253428,-0.0915077220479361,-0.0169948522190646,0.626222268593999,7,22,-2.03265783167881,0.165758048258675,5.24663414380183,6.33821871476889,-0.0319008802995342,-0.0916672263638492,1.10507600180026,"2010","Latin America and Caribbean","Honduras","Lower middle income"
"Hungary","Hungary2013",6,0.447836392542145,0.474060364137232,0.280546635767832,0.39454738988979,0.0218186753950208,0.0618130726397753,0.95092847699237,16,0.38355543627275,0.394220185461434,0.334520122173315,0.760443037974683,0.0487924536917144,0.013283281458122,0.473684210526316,2,7,0.410251837782655,0.255065103929486,0.389294247301957,0.665543399534937,0.0424606369651835,0.011329006959001,1,"2013","Europe and Central Asia","Hungary","High income"
"India","India2014",2471,0.351494520915355,0.307289539685066,0.268899607633868,0.350746268656716,-0.000771695848274186,-0.000828339482025489,1.16666666666667,1470,0.321482700798382,0.289054501308224,0.216224720421949,0.301711270783436,-0.0039176327268355,-0.00528343625122447,1,48,1249,0.365550521918592,0.357591698533952,0.236772971300019,0.379081454690905,0.0096609931503813,0.0145127570117693,0.878048780487805,"2014","South Asia","India","Lower middle income"
"Indonesia","Indonesia2009",193,0.485288029321939,0.475878928246718,0.422840731562854,0.581206168507609,-0.0182803213859368,-0.00428692774807205,1,356,0.505279938240908,0.510120630701346,0.336601350459741,0.425982413687332,-0.00568316752475489,-0.000784977208684369,1,23,162,0.345745376231459,0.319205709824982,0.303838414934023,0.420798085862247,0.0117399665074691,-0.00881248859608927,0.532425202260188,"2009","East Asia and Pacific","Indonesia","Lower middle income"
"Iraq","Iraq2011",97,0.325807660321518,0.333814846682579,0.232390727477874,0.324837854462914,0.00732944513665831,0.0134470801745144,1.00755756444059,359,0.325293598688998,0.251990309134273,0.24281335541567,0.322410147991544,0.00753261584254533,0.007589976041027,0.727272727272727,10,5,0.410230148486877,0.414554545997864,0.0966962415656301,0.128666046126712,0.0254928445862724,0.0223998165450955,0.442797763449729,"2011","Middle East and North Africa","Iraq","Upper middle income"
"Israel","Israel2013",52,0.420093485276118,0.378239618856559,0.182648767170523,0.24260031236581,0.041401812903761,0.0317565933020117,0.56,53,0.331410959944892,0.266698708946328,0.289893735837395,0.463093008739076,0.00999227170258339,0.00501697709614731,1.02240588448147,0,24,0.396078892704488,0.316464059667587,0.323669144135714,0.265873015873016,0.120980724118922,0.0707344523641023,0.442192911592837,"2013","Middle East and North Africa","Israel","High income"
"Jamaica","Jamaica2010",37,0.418291352087745,0.419080493528593,0.155167247283885,0.228381374722838,-0.027036588354587,-0.0294298582465404,0.836532729488898,32,0.470290699146125,0.466744740989111,0.129369218976224,0.209629493763756,0.00176918643612557,0.00491174998694473,0.8,1,23,0.25371765692256,0.208753798534285,0.151077643895923,0.161890576937044,0.0092653786261503,0.00432358372780222,0.790724424439073,"2010","Latin America and Caribbean","Jamaica","Upper middle income"
"Jordan","Jordan2013",72,0.258030299615532,0.252160159353241,0.206100346481155,0.327106929663499,0.00684613659500284,0.00428338309335994,0.750135527409324,86,0.514466968628554,0.428517558638563,0.476646338507494,0.457045989464639,-0.10100592361479,-0.0289194886078178,1.42845748923273,6,77,0.254127569446546,0.194018705704698,0.178770704000317,0.263292305115968,-0.00324439753363158,0.00220878217694229,1.14565210514662,"2013","Middle East and North Africa","Jordan","Upper middle income"
"Kazakhstan","Kazakhstan2013",25,0.570273918145356,0.595700584246126,0.271338453180824,0.304701351498054,-0.0155579712165438,-0.0332652999757892,1.00829485191239,25,0.463475559654939,0.450206734431641,0.246780518782092,0.435187165775401,-0.00977327604531972,-0.00337846550215795,1.33245405447861,1,18,0.531538378561227,0.464513541117659,0.312726070404332,0.312298603651987,-0.0377294719396329,-0.0236116559319631,1,"2013","Europe and Central Asia","Kazakhstan","Upper middle income"
"Kenya","Kenya2013",108,0.210414205804462,0.0914155605399829,0.250324814597406,0.263917628351101,0.00448154081603707,-0.0137185014728725,0.732882158388564,79,0.234916546169086,0.139602773008597,0.241265705924734,0.269228819145161,0.0135557457147057,-0.00764151663647647,0.725750716203255,7,75,0.173854547622074,0.142468147997929,0.181599777245525,0.239286549469187,-0.0580462112652866,-0.0282092750495749,1.10362259709888,"2013","Sub-Saharan Africa","Kenya","Lower middle income"
"Kosovo","Kosovo2013",20,0.430605011038893,0.485524652616869,0.361051731403678,0.543093205912977,-0.0572550581865259,-0.0193873400898512,1.08925548085846,19,0.886699351843624,1.21270739357644,0.688993037892641,1.21926060406008,-0.11987758112417,-0.0176352760353327,0.983162666450803,0,4,0.832809862561183,0.607082240344491,0.972205962194465,0.774031611112484,0.304945971709139,0.348948454591736,0.461538461538462,"2013","Europe and Central Asia","Kosovo","Lower middle income"
"Kyrgyzstan","Kyrgyzstan2013",18,0.613755215882107,0.539333903263244,0.427384868256931,0.588202189120801,-0.0179811600296475,-0.0409459820266908,1.03473657931116,11,0.525230751655947,0.623010473427708,0.231202116602514,0.344966366826727,-0.00957671076578134,-0.0105915999662285,1.08567594912047,1,7,0.691931734235942,0.675087478174331,0.323123922917493,0.296456139800101,0.0269420583653674,0.0203358570830253,0.8533255401523,"2013","Europe and Central Asia","Kyrgyz Republic","Lower middle income"
"Laos","Laos2012",24,0.421208698213394,0.22821358511848,0.721683037063099,0.517387458104387,0.194057717394293,0.165396501781513,2.22222222222222,27,0.123492309173597,0.31238058860279,0.859564160840236,0.969590003606306,0.0783716665152734,0.0672723329845549,0.905360960060134,6,15,0.246562976027311,0.185910394160974,0.59520464166786,0.698183935258896,-0.0700998655889484,-0.120666489939346,0.917500330679626,"2012","East Asia and Pacific","Lao PDR","Lower middle income"
"Latvia","Latvia2013",9,0.57245650799408,0.53223362116898,0.228029094593408,0.194213501829065,0.00965504569034126,0.0184875726909125,2.22994678989848,11,0.554974895308087,0.547285827732504,0.500390770003624,0.465990770144205,-0.117591461073428,-0.162653061410064,1.31545211182889,2,4,0.963805939405195,0.986729352588648,0.540578238380862,0.97704195946888,-0.233623591744233,-0.155458902755243,1.80587748835413,"2013","Europe and Central Asia","Latvia","High income"
"Lebanon","Lebanon2013",67,0.365019450556997,0.380436783268979,0.213704308045229,0.30471939693738,-0.0350945142962733,-0.00914752723168679,1.28493191880576,53,0.404974373415146,0.3828019900487,0.265099933564129,0.319128931704601,0.0250425480287024,-0.00136749540680901,0.809427752794563,2,28,0.332395497264038,0.2863969874339,0.191064235930767,0.181697088715545,0.0626952916384141,0.054698549939243,0.44086802758579,"2013","Middle East and North Africa","Lebanon","Upper middle income"
"Lithuania","Lithuania2013",11,0.516070664079318,0.551100774489045,0.191096618208749,0.215247116772799,0.0260135003685831,-0.058278001599817,1.29386223868742,18,0.345382907992035,0.37050936716038,0.230726390043613,0.365588192034473,0.0246819997350648,0.0292712272326363,0.594822765853922,3,10,0.410017663181368,0.482483348001974,0.204640344604282,0.239087663280123,0.00543538887309642,0.0235781039948981,0.890819362412234,"2013","Europe and Central Asia","Lithuania","High income"
"Madagascar","Madagascar2013",35,0.199578857189737,0.0754551781989948,0.367765007896309,0.434873515078657,-0.0404875038013903,0.00560485560884969,1.01228756631896,102,0.443433039113735,0.416605790409289,0.295110467452077,0.365544053389415,-0.0135878018142758,-0.00470235286928275,0.842716007149612,14,37,0.432558861376845,0.43583941917168,0.388044988536662,0.560129503541454,0.0191775039199905,0.0647832619024054,1.44518551605356,"2013","Sub-Saharan Africa","Madagascar","Low income"
"Malawi","Malawi2014",16,0.334611410816259,0.295327905402482,0.316379894022194,0.489672899485244,-0.00480324613396906,-0.00267308899835222,1.00582650420893,15,0.203409828497359,0.112138536076191,0.244383158513646,0.291466096190806,-0.0523626482881384,-0.0655645443918451,2.14285714285714,5,5,0.0776852291188575,0.0806668974752832,0.0778290514552115,0.142884168477732,-0.0411984187223567,-0.0297655128692366,1.45162020226225,"2014","Sub-Saharan Africa","Malawi","Low income"
"Mali","Mali2010",3,0.155972135445209,0.0813909228363496,0.186292451206455,0.349474516500724,0.0313667582237881,0.0313667582237881,0.725,9,0.312160891466053,0.194936124234371,0.317059443905595,0.728571428571428,-0.048415477895023,-0.00384904689090056,1.63675723612057,1,NA,NA,NA,NA,NA,NA,NA,NA,"2010","Sub-Saharan Africa","Mali","Low income"
"Mauritania","Mauritania2014",13,0.185177370391829,0.11971135281453,0.196199908726805,0.200735838898907,0.01585829021964,0.00970516570283284,0.887495843733984,4,0.389492486077095,0.242814516100831,0.462613073049816,0.898159694318138,0.00235293614176508,-0.0061787068493038,0.98819902377664,2,9,0.229585102708114,0.157884867227557,0.159418290295572,0.227150049208873,0.00723746654420552,0.00383722423646766,0.728131986583819,"2014","Sub-Saharan Africa","Mauritania","Lower middle income"
"Mauritius","Mauritius2009",53,0.354843320456692,0.256015567543601,0.401858559925485,0.348395293597746,0.0177519742664227,0.0227433021757692,0.8208635949226,47,0.23217440937813,0.131473260061036,0.222241261578208,0.221408756755941,0.0527597038994783,-0.00322365635824275,0.333333333333333,8,24,0.244284935088204,0.273287241401769,0.452529182401622,0.474541616654939,-0.0932803394695647,-0.0574245771784063,0.52862146802735,"2009","Sub-Saharan Africa","Mauritius","Upper middle income"
"Mexico","Mexico2010",345,0.428512330258125,0.400256981310733,0.26342513416039,0.389036348890363,-0.00313214151786649,-0.00573368501355992,1.13755923276481,368,0.60819536757042,0.617098569670407,0.321827139364924,0.513564613287605,0.0180162438182765,-0.00529721308925598,0.759304998011167,13,339,0.426715956350681,0.353783314989933,0.323249580334417,0.441006922113299,0.0444244059778448,-0.0559575758220885,1.08027682828904,"2010","Latin America and Caribbean","Mexico","Upper middle income"
"Moldova","Moldova2013",18,0.301738763694151,0.282673331807203,0.192149462269617,0.207176134236637,0.0254680366730177,0.0020074555134532,0.611705428714985,24,0.382181650958651,0.301665682130277,0.270303545933657,0.345720921922459,-0.0141616160692947,-0.0183985026959585,1.15809221620614,2,13,0.592871247652406,0.776300447420009,0.436324343807692,0.750318350538882,-0.303978469408481,-0.0709644632312509,0.975334037967031,"2013","Europe and Central Asia","Moldova","Lower middle income"
"Mongolia","Mongolia2013",31,0.50276885553116,0.514252826524549,0.29035992052298,0.422931611399421,-0.0132191341078936,0.0293628679999063,1.37365565856789,34,0.498184175789788,0.408067813433135,0.291620717773472,0.410356751864692,0.0264423186780074,0.0070183765801958,0.932601387432377,1,6,0.246870537429632,0.103637095851847,0.29476352093108,0.32543722056886,-0.0299184435870226,-0.0970980536261231,0.430645326215171,"2013","East Asia and Pacific","Mongolia","Upper middle income"
"Montenegro","Montenegro2013",4,0.360780299373403,0.0979031367667213,0.436050721372727,0.692515576908641,-0.0215864380431298,-0.0550829816606287,0.91136697136231,14,0.796281846142169,0.571783125119366,0.753557461369212,0.637357660455486,-0.00406543681837278,0.00280344871900804,0.91926986947626,2,NA,NA,NA,NA,NA,NA,NA,NA,"2013","Europe and Central Asia","Montenegro","Upper middle income"
"Morocco","Morocco2013",39,0.304630789333997,0.280063366959804,0.22208937864666,0.154699319585196,0.0193844370504671,0.00684594837025738,1,18,0.298587390258132,0.317176672300129,0.186860026824998,0.238950993910486,0.0181737154263745,0.0150661337961248,0.944254219902231,3,43,0.622008579769642,0.387934101054981,0.638654430292584,0.926165902380365,0.0710886300453717,-0.0502602002911347,0.502287142760345,"2013","Middle East and North Africa","Morocco","Lower middle income"
"Myanmar","Myanmar2014",64,0.33540476484258,0.310908892658375,0.221535029376868,0.309297912713472,-0.0140379977889838,-0.00754403739399117,0.978507027402792,127,0.347416530168983,0.336672285064775,0.242732370908816,0.344112188080017,0.00524132020031904,-0.00241681865803736,1,1,56,0.399732095953461,0.390059765677151,0.270738462958009,0.425862736025512,0.0493775495008311,0.0389999900743344,0.55045871559633,"2014","East Asia and Pacific","Myanmar","Lower middle income"
"Namibia","Namibia2014",16,0.164805121743893,0.0906819185718531,0.418499268361765,0.370875629264892,-0.021098355483264,-0.0220587619159752,0.943296401122037,14,-0.0436880526482326,0.0399075746183653,0.554579361962055,0.339414785289606,0.132877972625844,0.123387777421281,2,2,3,0.205021259431837,0.107735401853049,0.265203679511286,0.495494966462499,-0.124096328393844,-0.119873509179115,1.26113513528337,"2014","Sub-Saharan Africa","Namibia","Upper middle income"
"Nepal","Nepal2013",99,0.477858180818146,0.455395137563179,0.309374466586635,0.303661404098086,-0.0223784808192191,-0.0681067427625307,1.25,94,0.44173079722699,0.433072386219539,0.232607446747043,0.333333333333333,-0.0499458081520239,-0.0200242837588694,1.07584359519566,1,41,0.151284833983209,0.0733872418916984,0.197490826052099,0.202601945322328,0.0517071003609879,0.0541176837323466,0.940624256715084,"2013","South Asia","Nepal","Low income"
"Nicaragua","Nicaragua2010",35,0.437475388408021,0.377232697332814,0.245158228078217,0.356664461049336,-0.0173613614286353,0.00790349486682399,1.38786147971083,30,0.400960125632765,0.254984467649582,0.548062163658602,0.305358745119595,-0.014073486359076,-0.00932914862591396,1.45126128845856,6,13,0.293224439785807,0.26668554586834,0.280445676085063,0.286087318648913,-0.0161583265302693,-0.0279612679833916,0.429873078605298,"2010","Latin America and Caribbean","Nicaragua","Lower middle income"
"Nigeria","Nigeria2014",125,0.249648934194589,0.182709476129418,0.462974998963608,0.477891537715289,-0.0214275430268759,-0.0231959182913759,0.884628081238877,357,0.383316854180174,0.339010761047098,0.533237254140345,0.635638600507373,-0.014665286592558,0.00506466910820598,1.33333333333333,30,37,0.20928727502647,0.17953590637382,0.294860974923109,0.373685033706711,0.0513824913547244,0.0534532044534757,1.02887873810268,"2014","Sub-Saharan Africa","Nigeria","Lower middle income"
"Pakistan","Pakistan2013",85,0.1565179123622,0.0912599020543123,0.281547156543855,0.327716380347959,0.00960464799083415,0.0182526381551828,0.874902093341361,88,0.181034152630035,0.0606151170487834,0.227121987614199,0.343005150317404,-0.0122358199203935,-0.00666978034523163,1,12,50,0.171629237733002,0.171490358317787,0.354463444796284,0.332832029800393,-0.0640971978677396,-0.0252384181538218,1.57309114341104,"2013","South Asia","Pakistan","Lower middle income"
"Panama","Panama2010",16,0.199885142130222,0.109836572625271,0.26202113226262,0.294996551988353,0.0330680107505577,0.0168796561648326,0.767983607132649,16,0.36902031935383,0.295641409199564,0.264873914862793,0.489675516224189,-0.0723147025444432,-0.0507136361588829,1.18710509734867,2,5,0.081227991874787,0.0627351755164048,0.0642939939133512,0.0289141401400453,-0.00682393043855525,-0.0109798475200496,1.31838254317349,"2010","Latin America and Caribbean","Panama","Upper middle income"
"Paraguay","Paraguay2010",37,0.321409008593719,0.244125009644413,0.248668652230015,0.349056057823039,0.00223617362342397,-0.0205480423922548,1.08454706139394,23,0.384181568148515,0.408528580987984,0.196802751333795,0.255522184419622,0.0173618276956906,0.00262235292866878,1.72410719991247,0,27,0.395775212100056,0.409245427660054,0.217367239844982,0.274598137539058,-0.0255956259051433,-0.0191008006732663,1.16813149430279,"2010","Latin America and Caribbean","Paraguay","Upper middle income"
"Peru","Peru2010",218,0.411665612380448,0.344345327117706,0.258970189893346,0.330460509390274,-0.00944269227367565,-0.00427663186621197,1.16666666666667,170,0.365013799946862,0.324582623232554,0.267846746845963,0.302077842816323,-0.00296210914844941,-0.0124462862521959,1.66666666666667,8,169,0.350544396315465,0.339703537413058,0.225358274071196,0.335540340227289,-0.025229532741648,-0.0267689902784287,1.02490180112908,"2010","Latin America and Caribbean","Peru","Upper middle income"
"Philippines","Philippines2009",284,0.296404461150885,0.3125,0.464278062633592,0.454662332972192,0.028940480616736,-0.0157210091006157,1.29419194365908,163,0.315796469098787,0.273110577816512,0.244506029667478,0.291968395328265,0.00138663724620899,-0.00597738514916723,1.2,31,167,0.276398661911037,0.185403140823594,0.323880116121094,0.427739513755542,-0.00924398531848209,0.00347408122014089,1.10930622918643,"2009","East Asia and Pacific","Philippines","Lower middle income"
"Poland","Poland2013",12,0.33265154047995,0.321303259519196,0.282296283486519,0.410243431721362,-0.036327559304863,-0.0338298366825201,0.916325399104325,22,0.209719953651506,0.255672921247323,0.394393580932929,0.315783942833123,-0.0406009779325143,-0.0359347295088412,1.0527202775726,5,4,-2.71802221110974,-1.40508560211138,3.97988565338297,7.78294386358107,0.237830490856254,0.0916581957653812,0.796674827063638,"2013","Europe and Central Asia","Poland","High income"
"Romania","Romania2013",45,0.436550108560181,0.357995475557544,0.370650718695903,0.567275267726136,0.0160930023748554,0.0160139097234396,1.09031697830766,40,0.269951378804581,0.192392869604871,0.247762804041146,0.327652853247787,0.0117916454422631,0.028695524077307,0.770895638984381,10,28,0.43567503560259,0.540848750301484,0.540962956840672,0.472218179031017,-0.0982667351708323,-0.102175688170274,0.903765625412245,"2013","Europe and Central Asia","Romania","Upper middle income"
"Russia","Russia2012",203,0.507298031078428,0.524110724453822,0.297356696801831,0.520068980170671,-0.0299935119350943,-0.00229601550026003,1.35767063339447,192,0.474969821530678,0.409017548500141,0.35090886097123,0.470792756539235,0.0239205801168237,0.00769956545273469,1,13,111,0.429464517023916,0.383939067634676,0.238730495615871,0.218775739799505,0.0627924663652977,0.0364942223692927,1.24473417366725,"2012","Europe and Central Asia","Russian Federation","High income"
"Senegal","Senegal2014",40,0.338861802609823,0.266538130228736,0.255092654832934,0.431797639001561,-0.0583016088127592,-0.036318921371813,1.3645865594576,90,0.404863803153056,0.395810403041191,0.258005539736568,0.287633556877627,-0.0270251096606527,-0.00418100269737327,1.47414991991786,3,12,0.229236994325482,0.198639980733603,0.218804697314499,0.295808630393996,0.0130838607510858,0.00482219357266951,0.989805983549446,"2014","Sub-Saharan Africa","Senegal","Lower middle income"
"Serbia","Serbia2013",25,0.407354367306426,0.238235224093546,0.328578112618525,0.42606957605103,0.0232792533283011,0.00958200978422412,0.575896098596234,41,0.499858259471725,0.283348575252233,0.5119785682436,0.640910243407708,-0.010254430057307,0.0251779056608608,0.737729959992679,3,11,0.400853929049587,0.335095025315888,0.384547909274514,0.705599810550731,-0.0185419961707223,0.0422128994963534,1.02978592767737,"2013","Europe and Central Asia","Serbia","Upper middle income"
"Slovakia","Slovakia2013",12,0.335850474196056,0.327421812126727,0.35343113564316,0.567062094239184,0.015455462171887,0.0390802297275623,0.72201724093062,10,0.454861337874524,0.375959951699573,0.274157950575425,0.423479485474095,0.00369719909058598,0.0147141989490921,0.817562759030792,3,4,0.467071600934774,0.430313143281326,0.448677121748114,0.685906996341285,-0.00842324483063032,0.00899149463016754,0.873063460510958,"2013","Europe and Central Asia","Slovak Republic","High income"
"Slovenia","Slovenia2013",14,0.224940023461239,0.248967131633354,0.147590431196003,0.203604855264006,0.00344007118493277,-0.00228485914325121,0.831400098655391,33,0.48740418378288,0.481602153770813,0.256839798546942,0.276477111685155,0.0388697772733529,0.00668749817621533,1.13161860685349,4,10,0.519993473770032,0.520088756770874,0.264400205005807,0.30105790707394,0.0116631847350937,0.0153354346173991,1.47058823529412,"2013","Europe and Central Asia","Slovenia","High income"
"Southsudan","Southsudan2014",10,0.185695518190445,0.0878363509209096,0.243261295176411,0.116666666666667,-0.0226380530873237,-0.0237427078909751,1.02290903919939,54,0.248018060415769,0.256399008658226,0.295397991774235,0.356351236146633,-0.0223066201516318,-0.00063167102621387,0.797370730364505,7,2,0.414273327552858,0.414273327552858,0.23475586700688,0.331994930967785,-0.0455639959671627,-0.0455639959671627,1.37833333333333,"2014","Sub-Saharan Africa","South Sudan","Low income"
"SriLanka","SriLanka2011",86,0.49636034986306,0.461329151912483,0.31532163416986,0.613739201974496,-0.0594119532010309,-0.00609954067146392,1.19986951426448,159,0.521096830062581,0.547951505848457,0.275407162071801,0.422892385663844,0.0125760952335848,-0.00121824945551307,0.681667773294742,0,57,0.337141563462577,0.20114078047058,0.287586286753695,0.560964564700555,0.0360753896276642,-0.0144636208674555,0.779123744596581,"2011","South Asia","Sri Lanka","Lower middle income"
"Stkittsandnevis","Stkittsandnevis2010",6,0.571353920810677,0.532496567689004,0.30180532411586,0.385976503623562,-0.0513293775423542,-0.0564234134102415,1.01333332943194,10,0.616826913184317,0.668048645615656,0.246690185012429,0.179044417277914,-6.98940807195561e-05,-0.00155220996799896,1,0,5,0.413186027437028,0.387306346826587,0.21711815380659,0.244826344587777,0.0125229082116587,0.0125229082116587,1,"2010","Latin America and Caribbean","St. Kitts and Nevis","High income"
"Stlucia","Stlucia2010",19,0.415245728001477,0.414199121974399,0.178126932455149,0.272129536217783,-0.0190092124627498,-0.0170976338514239,1.45246752949504,39,0.597683384965727,0.615384615384615,0.251909640341745,0.47218954248366,-0.017513103792037,-0.017513103792037,0.999999999999999,1,NA,NA,NA,NA,NA,NA,NA,NA,"2010","Latin America and Caribbean","St. Lucia","Upper middle income"
"Stvincentandthegrenadines","Stvincentandthegrenadines2010",14,0.331747671374272,0.330922610541904,0.118334577392049,0.152386061835543,-0.00676376899440163,-0.00189429436920728,0.876777403151874,26,0.471329581858452,0.457155079283224,0.200715254132845,0.353413654618474,0.0101744002228984,0.0110580149170881,1.06192765566405,0,2,0.337340647685903,0.337340647685903,0.248143954798085,0.350928546296348,-0.0820474933973175,-0.087544273326605,2.10417196950406,"2010","Latin America and Caribbean","St. Vincent and the Grenadines","Upper middle income"
"Sudan","Sudan2014",9,0.150463311237068,0.0234205223624141,0.211159987308972,0.34146423111074,-0.0358805328378177,-0.031282174115144,1.58264037422594,2,0.227912104842848,0.227912104842848,0.303674984616811,0.429461281798535,0.0546904386622586,0.0556709068998101,0.805766482609046,2,2,0.00571482085627922,0.00571482085627922,0.00380580506565441,0.00538222113959669,-0.00120089639167979,-0.00115333310134215,1.65198295759793,"2014","Sub-Saharan Africa","Sudan","Lower middle income"
"Suriname","Suriname2010",32,0.559682826232044,0.587342733699967,0.192772492897241,0.162937178428508,-0.0449109726352693,-0.0449387662909255,1.36170212765957,33,0.571807071808722,0.564008897377259,0.0927608790772406,0.110133751054344,0.0157893637605191,0.0158827639255879,0.63933492292905,6,NA,NA,NA,NA,NA,NA,NA,NA,"2010","Latin America and Caribbean","Suriname","Upper middle income"
"Sweden","Sweden2014",131,0.453652630123169,0.513504357432571,0.234361540054208,0.445870127705357,0.0206425117994053,-0.00170760368769212,0.935837705102097,76,0.523366359158615,0.510506042505292,0.211117014009545,0.214637196653133,8.73039697859014e-05,-0.0101152349597132,1.6,3,60,0.380430052867476,0.358749653832009,0.172953852549647,0.178952991452991,-0.0305782520348771,-0.0220395591157699,1.53494185702694,"2014","Europe and Central Asia","Sweden","High income"
"Tajikistan","Tajikistan2013",19,0.546063629907171,0.442490618123077,0.373227555927683,0.660315083800809,0.0805651906901927,0.0531250878574344,0.575052261381298,31,0.540779126737592,0.552818989723162,0.329990788854221,0.635354653221502,0.0425470582015332,0.0365779554639293,0.726437521719438,1,8,0.330216201996648,0.381026701524897,0.110598739523851,0.136292834890968,0.015540199654227,0.0334334307424776,0.676900099441721,"2013","Europe and Central Asia","Tajikistan","Lower middle income"
"Tanzania","Tanzania2013",32,0.348440070231302,0.336409290896234,0.135212329709386,0.0992892290869328,0.0048294661831435,-0.00323667328575219,0.830598557396795,55,0.26688564289592,0.284758635534326,0.184692536296351,0.295969017618502,0.024194673898435,0.0141430816557042,0.834031450906634,2,28,0.329259929034122,0.290209170587283,0.209132846931546,0.278728168383341,-0.0064902409280948,0.0141067257873276,0.329979179753397,"2013","Sub-Saharan Africa","Tanzania","Low income"
"Trinidadandtobago","Trinidadandtobago2010",23,0.520258358963106,0.560361164890072,0.172584623404308,0.335020986358867,0.0629806679133924,0.0527613456598296,0.476361500655018,41,0.475049894053423,0.484869635991731,0.192335533345992,0.297137073452863,-0.000961274604416304,0.0110178370307563,0.785550242047883,0,34,0.558944133711075,0.638110166528222,0.219526694782547,0.305992642170117,0.0179598192363186,0.0144900509954132,0.77643890835213,"2010","Latin America and Caribbean","Trinidad and Tobago","High income"
"Tunisia","Tunisia2013",117,0.437062032646443,0.385208268649452,0.313127614497857,0.498197466332611,0.00768910120788869,0.0222853816647657,1.03885523332779,52,0.403158243605264,0.282417124272389,0.450247471339808,0.416823603264281,0.0222279825605442,0.0456923526832986,1.2,4,104,0.4490297136617,0.352730206350145,0.333491400343565,0.470584469624224,0.00437454439349333,0.0246969391366152,1.22592317852798,"2013","Middle East and North Africa","Tunisia","Upper middle income"
"Turkey","Turkey2013",108,0.412490909719368,0.354932457597316,0.348043058967893,0.48097646419458,0.0275555842427103,0.000491966961008063,0.871121961903191,104,0.290888001308499,0.226227802977518,0.52030471093241,0.565581572434799,-0.0401488596369043,-0.0130955229911165,1,13,56,0.264678770408821,0.284650196431144,0.207207591218148,0.283247914885132,-0.0241711160310924,-0.0357537732961312,1.27460576788171,"2013","Europe and Central Asia","Turkey","Upper middle income"
"Uganda","Uganda2013",NA,NA,NA,NA,NA,NA,NA,NA,67,0.240256495900357,0.0337171840184778,0.318671295790047,0.393119316986675,-0.0633301545640609,-0.0386379782238202,1.56096629215826,37,14,0.104936637243177,0.0932356026907921,0.0777870710467936,0.0729768139417395,0.0225498194043245,0.0143015366711977,1.18739733346626,"2013","Sub-Saharan Africa","Uganda","Low income"
"Ukraine","Ukraine2013",101,0.485433522158485,0.487917057231262,0.249691147859134,0.364457432525411,0.0223493498750617,0.0165759363163368,0.978691120935487,114,0.581136645150809,0.602655535898379,0.276529513180654,0.422360248447205,0.0346350153955892,0.0130313708340617,NA,2,49,0.503686475946299,0.424921837126018,0.39616671356285,0.716798896171094,-0.034349036881008,-0.0146671498922149,0.685559175836845,"2013","Europe and Central Asia","Ukraine","Lower middle income"
"Uruguay","Uruguay2010",64,0.413789824986291,0.406575059312309,0.232188355372484,0.221097265995423,-0.0052550732676743,0.00196023927347483,0.904362438397889,78,0.436245565223914,0.407776159063614,0.29175285344349,0.447599380485286,0.0243934215562442,0.0125474481249749,0.709535744768129,15,52,0.386355178145099,0.340599894201951,0.233459573149866,0.20214909217817,-0.0314697210020997,-0.0342379410699728,1.0759076526894,"2010","Latin America and Caribbean","Uruguay","High income"
"Uzbekistan","Uzbekistan2013",37,0.4097232079906,0.313917690173967,0.342203876350434,0.63729099696854,-0.0352875599210974,-0.068177365696131,1.55768442913037,31,0.514210451414689,0.58009765093325,0.295568030753581,0.530701619600799,0.0143790147360707,0.0665647985357522,1.0061463491448,1,35,0.328793040073649,0.1852731585298,0.322456394853927,0.416179515783464,0.0323906739276867,0.00866279715008317,1.06184662583357,"2013","Europe and Central Asia","Uzbekistan","Lower middle income"
"Venezuela","Venezuela2010",21,0.335646199057669,0.441082714563759,0.337456121285491,0.46310617584224,0.00893263590020041,-0.00210790138061727,0.803517381710943,16,0.22487071587068,0.173078711784467,0.404647844719047,0.385250962980387,0.0349019288363552,0.00564222001315412,0.680193497984962,5,14,0.236948254879904,0.248271712795294,0.125514642278115,0.119457341092802,0.019896136411109,0.046398203412171,1.04601442194563,"2010","Latin America and Caribbean","Venezuela, RB","High income"
"Vietnam","Vietnam2009",255,0.334491541543683,0.286750755860495,0.290535287087051,0.3663964863802,0.00166673921767053,-0.00493864163117253,1.37637366234352,107,0.48909009956897,0.392351474172608,0.35513904645393,0.543119069190787,-0.0324101245312807,-0.0108765726502209,1.97559762451472,20,272,0.36579100097933,0.316987520449831,0.261773786287564,0.321005056607152,0.0461602277599727,0.0299846277414659,1.05555555555556,"2009","East Asia and Pacific","Vietnam","Lower middle income"
"West Bank And Gaza","West Bank And Gaza2013",38,0.316612688527012,0.240801318924448,0.247321866155833,0.440052032807126,-0.00954164834757633,0.0118622972091914,1.03992047166777,61,0.308106812023694,0.23310863204532,0.273759274944964,0.344318181818182,0.00931884875875763,-0.00508636559600131,1.14285714285714,2,15,0.312149711970725,0.29113760668151,0.217293061275892,0.219673362011539,-0.0457850192620571,-0.0469181944859147,1.26652772948123,"2013",NA,NA,NA
"Yemen","Yemen2013",22,0.155405914153867,0.115980544333174,0.169645241623539,0.0640534262485482,-0.00174853051200479,0.00271191339154662,1.2377881954532,38,0.320200989295497,0.340555103500081,0.31629593673074,0.424344083835278,-0.0912543093691536,0.0249910777767034,1.67797246743324,9,6,0.251606850643628,0.0953995149708442,0.313293560690705,0.575159846836868,0.0190056134646237,0.0252470807771611,1.00647979943025,"2013","Middle East and North Africa","Yemen, Rep.","Lower middle income"
"Zambia","Zambia2013",81,0.209956025882539,0.151890415257975,0.182036898334322,0.236961415860833,-0.0145959307549963,-0.0167031285082083,1.07003199348835,112,0.251890633541979,0.201196058063773,0.202861121635924,0.301402085803942,-0.0326921053267501,-0.0291613985515755,1.42857142857143,2,17,0.201879289112701,0.179798443126775,0.136095134364542,0.130768249327151,-0.00761782564240085,-0.00493676284702389,0.96423509390569,"2013","Sub-Saharan Africa","Zambia","Lower middle income"
