"countryOnly","country","N_Young","mean_Young","median_Young","sd_Young","iqr_Young","OPcov_Young","OPcovNoWeights_Young","indAlloc_Young","N_Old","mean_Old","median_Old","sd_Old","iqr_Old","OPcov_Old","OPcovNoWeights_Old","indAlloc_Old","N_Mature","mean_Mature","median_Mature","sd_Mature","iqr_Mature","OPcov_Mature","OPcovNoWeights_Mature","indAlloc_Mature","outliersOut","yearOnly","region","countryDes","incomeLevel"
"Afghanistan","Afghanistan2014",19,0.25282022929197,0.0961449262959854,0.260751591410922,0.447,0.032188950483596,0.0137647399819071,0.641924811242006,3,0.158548296134258,0.159147349823322,0.0908215591608098,0.123333333333333,-0.0332215149363424,-0.0802290950744559,1.80323069156991,9,0.0224902316852706,0.0189921996586764,0.0194842887939593,0.0246666666666667,-0.0128608114415614,0.00362050184058298,2.08754032956007,4,"2014","South Asia","Afghanistan","Low income"
"Albania","Albania2013",22,0.329051281703711,0.208869589118723,0.308103345053563,0.492564080614142,-0.0505483636796403,0.0251731030877347,0.449906243085686,30,0.248209282197631,0.161965845047628,0.245918644909859,0.245421653075642,-0.0753068890007156,-0.0765722823416183,2.55748523860136,47,0.228032769229438,0.138415317245501,0.250539249320945,0.32015503875969,0.0272197432562491,0.0829856646525253,0.432032793121495,12,"2013","Europe and Central Asia","Albania","Upper middle income"
"Angola","Angola2010",4,0.00147145573024437,0.0006668853124214,0.00234760441075145,0.000359649122807018,0.00255752931570927,0.00262471962747199,0.103322977785208,34,0.0707121208847069,0.0205274854129038,0.0967217131862282,0.0947916666666667,-0.0102719026664844,-0.0025551369867164,1.54787325199458,83,0.0364694432267718,0.00887183625963622,0.0533433032288164,0.0500595238095238,0.012002978080712,0.0129406975783039,0.333012484929941,8,"2010","Sub-Saharan Africa","Angola","Upper middle income"
"Antiguaandbarbuda","Antiguaandbarbuda2010",2,0.167114695340502,0.167114695340502,0.0386501018390496,0.0546594982078853,-0.00182198327359618,-0.00182198327359618,1.07142857142857,16,0.19013739874636,0.20079300923994,0.0873765967108568,0.153521126760563,-0.0113726772760036,-0.0115137849459641,1.28403364866014,13,0.222877038789117,0.234565825450163,0.0707037823387619,0.111111111111111,-0.0143856622381345,-0.0147767023293054,0.909090909090909,0,"2010","Latin America and Caribbean","Antigua and Barbuda","High income"
"Argentina","Argentina2010",11,0.0842384857706134,0.0664781399483399,0.0624316135418379,0.0563888888888889,0.0299152874685042,-0.00955556423497047,1.40432668304445,517,0.241741725532632,0.222222222222222,0.142666222074969,0.195850102249489,-0.0543366646193361,-0.0529794844700187,2.0441582975686,136,0.196312039780362,0.16567957700421,0.138138652454039,0.204326923076923,0.0089259702437415,-0.0353079421524201,0.752391031744551,14,"2010","Latin America and Caribbean","Argentina","High income"
"Armenia","Armenia2013",4,0.309948252004572,0.345471658695302,0.207751445575242,0.429768853144199,-0.0955734681217611,-0.061220566846639,3.43593397798231,28,0.16913444288745,0.16273393334091,0.13123580947771,0.23004942339374,-0.0248239132621052,-0.042343383525166,2.14876904541754,39,0.160495622241763,0.117331983349914,0.149158403405068,0.196355498721228,0.106523164996962,0.0740922503787996,0.0903775939276449,2,"2013","Europe and Central Asia","Armenia","Lower middle income"
"Azerbaijan","Azerbaijan2013",9,0.254706743465318,0.249862100095726,0.129708234257988,0.226666666666667,-0.0429007431199536,-0.0411546015807538,1.3679153040901,27,0.355345452412405,0.379102385631002,0.187948197955513,0.213333333333333,0.0338414141741892,0.0615881129901564,1.12714344948736,52,0.359635311519507,0.35581801295463,0.168257932859658,0.2,0.0905624106167621,0.144032994303387,0.665349283085656,0,"2013","Europe and Central Asia","Azerbaijan","Upper middle income"
"Bahamas","Bahamas2010",3,0.258119658119658,0.278888888888889,0.107517649218062,0.161111111111111,0.055269463219254,0.0542673107890499,0.162264150943396,19,0.209506377422903,0.192435897435897,0.114868746978322,0.19835953520164,-0.0397452076516905,-0.024229804538391,0.363636363636364,14,0.215101096380333,0.201111111111111,0.1455910307088,0.229411764705882,-0.0724702919568175,-0.064530266825608,0.592741935483871,0,"2010","Latin America and Caribbean","Bahamas, The","High income"
"Bangladesh","Bangladesh2013",141,0.21234344835864,0.15,0.172280043479698,0.22258064516129,-0.0108931070308154,0.0037166310425786,1.11354064818274,598,0.178551095864575,0.133333333333333,0.152130327081256,0.175,-0.0547422396523996,-0.0185197174089183,1.42857142857143,398,0.196703648175407,0.145470977766498,0.164744696568807,0.233333333333333,-0.0274816872523122,-0.0129196778914854,1.2,1,"2013","South Asia","Bangladesh","Lower middle income"
"Barbados","Barbados2010",7,0.256259064570055,0.286306822197722,0.0873917412343618,0.091666666666667,-0.0335695933268774,-0.0272170686456401,NA,37,0.252308857362804,0.278316510890385,0.121459157828923,0.119047619047619,0.00222631289739711,-0.00875326682859015,1.71694481717654,23,0.256998697667654,0.285714285714286,0.0986174333440557,0.095454545454545,0.00109849458880054,-0.0116407520058408,0.768627863453645,1,"2010","Latin America and Caribbean","Barbados","High income"
"Belarus","Belarus2013",12,0.232936775551417,0.140576493654495,0.211216708525292,0.224583333333333,0.0706409729044393,0.050596464839347,0.371894785397981,43,0.222284205432871,0.142107205158238,0.171433268009172,0.210109156643259,-0.0560662269404196,-0.049972475597751,0.321844296779038,27,0.257035295702607,0.25,0.151610677714605,0.228244417475728,0.0327464341214762,0.0266080512597219,1.49058661516454,0,"2013","Europe and Central Asia","Belarus","Upper middle income"
"Belize","Belize2010",NA,NA,NA,NA,NA,NA,NA,NA,47,0.258628468306546,0.2,0.150330706157749,0.176153846153846,-0.0579829652502315,-0.0318983821762104,2.19002790426316,24,0.192650965457488,0.183293587671638,0.0683523953724967,0.0768831168831167,-0.0327167968443207,-0.0404487560583955,0.982500889599791,1,"2010","Latin America and Caribbean","Belize","Upper middle income"
"Bhutan","Bhutan2015",27,0.394185434012922,0.369508802219076,0.234193631387178,0.369239285714286,-0.00485418822811763,-0.0563863355637417,0.523275223525389,33,0.212569578668243,0.202825039059493,0.139942317045746,0.203048176925964,-0.0596824369390965,-0.0604237502521277,0.723841029626131,20,0.229804445915227,0.146704864262606,0.215374260770006,0.274733989501778,0.0185248866255815,-0.0512031786608665,0.303146730219428,0,"2015","South Asia","Bhutan","Lower middle income"
"Bih","Bih2013",6,0.379737758221852,0.418191067202579,0.107901834304618,0.0935897942636074,-0.00970357379350685,0.0206310661313952,4.17415295244576,29,0.239445787865683,0.104444064461446,0.255201232222988,0.358584247258225,0.108453406861946,0.176420230587436,0.0239265340991416,48,0.229388580552043,0.184281971412468,0.165170605648661,0.156576258591863,0.0879175209248382,0.0636268372480151,1.62759735228751,4,"2013","Europe and Central Asia","Bosnia and Herzegovina","Upper middle income"
"Bolivia","Bolivia2010",2,0.0820477637023571,0.0820477637023571,0.0375650477505353,0.053125,0.0167753010986772,0.01543354743083,0.47491964839967,42,0.151908215762717,0.133333333333333,0.143893376419563,0.182272630834512,-0.0156301871384023,-0.0335438755779161,1.01113043296691,21,0.296955978387312,0.156978003156513,0.29152710304269,0.518282426698268,0.17946416085162,0.246279048244931,0.974220298724829,3,"2010","Latin America and Caribbean","Bolivia","Lower middle income"
"Botswana","Botswana2010",2,0.190626968719537,0.190626968719537,0.194132952653034,0.274545454545455,-0.0882044153240841,-0.0853316953316953,2.54831489659211,31,0.198692538025493,0.187895579666462,0.108290451808459,0.148622333333334,-0.0383800079861517,-0.0391619452920016,2.03793551104372,35,0.225678883368462,0.196625803345078,0.162731456473899,0.21002863242999,-0.0617644527499511,-0.0672490610091865,2.51052230953818,1,"2010","Sub-Saharan Africa","Botswana","Upper middle income"
"Brazil","Brazil2009",8,0.248746794223143,0.242024324539168,0.132702272133275,0.133333333333333,-0.0384081056387696,-0.0582202373800584,0.929426208678533,848,0.227514641132191,0.202637302065033,0.126966253367925,0.148809523809524,-0.010568250917844,-0.047008183033015,0.493981321692376,419,0.23110300022925,0.233333333333333,0.164024256684269,0.188,-0.0134466073164842,-0.0427650082846369,0.396716371176729,30,"2009","Latin America and Caribbean","Brazil","Upper middle income"
"Bulgaria","Bulgaria2013",9,0.341761622869137,0.359971302257544,0.17505518719363,0.274348553669615,0.0825322634528129,0.0726207183459065,0.755817186362483,46,0.250765568441883,0.166135414859206,0.222638605091793,0.308127208480565,0.213121392016876,0.295344247826772,0.231940396757694,43,0.199257366263651,0.133387281684354,0.177886527909168,0.17991118077325,0.0279675995225986,0.0332626996054762,2.89730394968102,1,"2013","Europe and Central Asia","Bulgaria","Upper middle income"
"Burkinafaso","Burkinafaso2009",6,0.122064738684529,0.127534064954771,0.0833771126219626,0.142477876106195,0.00356379586625818,0.0173658838035322,1.04697290785011,34,0.174849926043271,0.187086898827671,0.105395808942512,0.1,-0.0874435208553984,-0.0470533487110795,0.994487658363987,41,0.120013728990453,0.0938053928362523,0.0987846660590873,0.114666666666667,-0.0194595259341662,-0.0159805819272748,0.742466971179981,1,"2009","Sub-Saharan Africa","Burkina Faso","Low income"
"Burundi","Burundi2014",17,0.162007607048494,0.12235526264161,0.129151419985009,0.197026489370188,-0.0153280938187052,-0.0151166247261132,1.60155563074358,23,0.136410878195951,0.113379709552534,0.0958301595088779,0.160872351851269,-0.0329993974322728,-0.0361391930602184,0.930171565866977,16,0.0977068014199983,0.0688930528023527,0.0715299652659332,0.0954971337687601,0.00434224581995829,7.0826470578874e-05,0.856570304049647,1,"2014","Sub-Saharan Africa","Burundi","Low income"
"Cameroon","Cameroon2009",NA,NA,NA,NA,NA,NA,NA,NA,63,0.214104941137182,0.199848102354662,0.159512890671901,0.227769230769231,-0.0370514670993007,-0.00623670631998877,1.04761904761905,29,0.224164133947911,0.172741747117168,0.130551191001914,0.202074074074074,-0.055532856078234,-0.0580543355397712,1.16307735096726,1,"2009","Sub-Saharan Africa","Cameroon","Lower middle income"
"Chile","Chile2010",8,0.336648554367517,0.268213530171507,0.221135106802487,0.210559440559441,-0.0347000440239257,-0.0627119831306306,3.31402212081217,532,0.205788836918794,0.191180728715284,0.135812872005729,0.167857142857143,-0.067534373285565,-0.0510932865224019,1.11497040036836,109,0.228586954044213,0.208258467971612,0.126234729784176,0.119981500784583,0.0203026224481165,0.00199290872148048,0.397512674523752,8,"2010","Latin America and Caribbean","Chile","High income"
"China","China2012",185,0.155593770001908,0.124835245292571,0.109126344870121,0.128571428571429,0.0427148659173475,0.0213383023193036,0.416186271066604,393,0.145830054179586,0.122594930916467,0.0925161511317196,0.0966666666666667,0.0355666205349399,0.0225437464508259,0.625,1057,0.156480349078852,0.133333333333333,0.101016119345705,0.115555555555556,0.00301583684162974,-0.0125655922509301,0.619951135806628,29,"2012","East Asia and Pacific","China","Upper middle income"
"Colombia","Colombia2010",18,0.259165032857127,0.264362312013118,0.110791636408465,0.133355786611511,-0.0272501806642071,-0.058045133806137,0.545454545454545,425,0.279797935833025,0.3,0.183217614447921,0.175212256329102,-0.0354802016750121,-0.0658943204824169,8,188,0.249459053631081,0.242568153400322,0.168372569231743,0.234350517546375,-0.0624987719848396,-0.0682098220327666,2.24001708230986,4,"2010","Latin America and Caribbean","Colombia","Upper middle income"
"Costarica","Costarica2010",11,0.397911576956403,0.455386027466258,0.159017773453186,0.141666666666667,0.0274839802282249,0.0541556221728502,NA,157,0.256690299693648,0.228307572554942,0.155851312345736,0.188958333333333,-0.0723085200758976,-0.0757769994926949,2.08472109525793,63,0.316727887667687,0.209649896814304,0.22447375338053,0.276257677238887,-0.116249460476792,-0.0953693991741238,2.58464864084026,7,"2010","Latin America and Caribbean","Costa Rica","Upper middle income"
"Cotedivoire","Cotedivoire2009",44,0.273775001176018,0.216924806244707,0.191718500185099,0.274386813186814,-0.0161701202479543,-0.0743772966398903,0.669985924542,57,0.346622216003217,0.300906237353489,0.27989070671313,0.31698275862069,-0.259073543509316,-0.152882440707841,2.33333333333333,97,0.304514999972692,0.250259376087228,0.210027687814425,0.374418604651163,-0.0178265046242799,-0.0785095314015219,0.397821019671651,0,"2009","Sub-Saharan Africa","Cote d'Ivoire","Lower middle income"
"Croatia","Croatia2013",20,0.243750606639743,0.227018885882031,0.125724706011189,0.204774282289958,-0.048623525688159,-0.0384586431702783,0.897767655936693,52,0.267888927110699,0.227505243243763,0.157683353345127,0.199397590361446,-0.0495070136045339,-0.0499787649566419,1.16798184205682,28,0.301455076580349,0.230717399130161,0.211909023696433,0.296672285934676,0.0456685737129077,0.0291971040799668,0.218044188043136,2,"2013","Europe and Central Asia","Croatia","High income"
"Czech","Czech2013",2,0.217223415954953,0.217223415954953,0.122565175405668,0.173333333333333,-0.0190991008531062,-0.026,1.60713695406891,37,0.200988161321536,0.193726004390802,0.161229172222468,0.252092307692308,-0.0282845485592442,-0.0447568173036963,1.80772527314207,34,0.236796865798442,0.230818426586249,0.146004611912578,0.239767357324609,-0.0261658390577118,-0.00717450090675263,4.98621005653132,0,"2013","Europe and Central Asia","Czech Republic","High income"
"Djibouti","Djibouti2013",3,0.0808067473527501,0.0814941785333654,0.0333642950868206,0.0649764705882353,0.0247320384028046,0.0222924369747899,0.309795999672071,8,0.169418123387741,0.149331030594532,0.116308367053686,0.110470909090909,-0.00533805415670836,-0.00422213487724171,0.86860847860051,8,0.270787932142132,0.255382682082058,0.122012022909304,0.132608695652174,0.020345979856404,0.0179628749079594,1.05362368247694,0,"2013","Middle East and North Africa","Djibouti","Lower middle income"
"Dominica","Dominica2010",3,0.363076923076923,0.342857142857143,0.0857627363768866,0.167912087912088,-0.00237879767291532,-0.00237879767291532,1,12,0.268670913959905,0.294252919614494,0.123836371709952,0.140842279108175,0.0341497872671249,0.035730047309318,0.29144385026738,9,0.204953335986764,0.187755102040816,0.160696074880367,0.130068349106204,0.00552585269645902,0.00197482511299158,0.931818181818182,0,"2010","Latin America and Caribbean","Dominica","Upper middle income"
"Dominicanrepublic","Dominicanrepublic2010",2,0.220196195108485,0.220196195108485,0.0577594591790275,0.0816842105263158,0.0479334935240559,0.0378167641325536,0.37037055602028,75,0.228782281706077,0.208993753289788,0.130711960439616,0.139511407227943,-0.0117008982824456,0.00381978261197496,0.837755367623297,35,0.180608785786259,0.148227894473712,0.112588222875186,0.0978428201462138,0.0198675045005367,0.0150055889903378,0.114783666943938,1,"2010","Latin America and Caribbean","Dominican Republic","Upper middle income"
"Drc","Drc2013",97,0.223677303861573,0.222938820061107,0.157594952686717,0.26175903108484,-0.153424752577954,-0.144084227381862,1.33333333333333,49,0.191449030963815,0.163123678070011,0.153948910698517,0.229325985778198,-0.0496571202283453,-0.0585334968585339,0.942411817465694,64,0.206048024642719,0.2,0.136369003703714,0.197793788909392,-0.0111967962817619,-0.0118499391456829,0.363516785086191,0,"2013","Sub-Saharan Africa","Congo, Dem. Rep.","Low income"
"Ecuador","Ecuador2010",3,0.273537396990562,0.278931267212482,0.0531926320043943,0.04,-0.067683710616194,-0.0607577870757787,1.02178412961199,80,0.216115475452332,0.186309493442111,0.16055065489921,0.214470439368945,-0.0861417822913805,-0.0741611511859633,4.70453674997088,21,0.152578457754849,0.113537052236808,0.111546635897556,0.116666666666667,0.0414589320558059,0.0580195059703827,0.554692787688791,3,"2010","Latin America and Caribbean","Ecuador","Upper middle income"
"Egypt","Egypt2013",448,0.185402220354984,0.136324135489644,0.148558371798253,0.184570056623929,-0.03147301675858,-0.0569285215157661,1.37940037176476,695,0.209225175969452,0.18,0.165605740638672,0.18,-0.0197725505818448,-0.00513563343284544,2.01274633076389,513,0.172849974298578,0.125,0.159681491095402,0.217997957099081,-0.0245893609883211,-0.008915445486859,1.33865044929841,53,"2013","Middle East and North Africa","Egypt, Arab Rep.","Lower middle income"
"Elsalvador","Elsalvador2010",3,0.14102446297285,0.141077441213026,0.0271053948408832,0,-0.00763581411628662,-0.0302028782434795,0.436751156916551,83,0.24983705415188,0.200504489661558,0.170217310592689,0.251802096078975,-0.0309643886584201,-0.00607944743902403,0.710282626372719,24,0.272124225398432,0.17751724591235,0.237218145467726,0.229644268774704,0.16628211853505,0.132259917576559,0.0376949757942019,3,"2010","Latin America and Caribbean","El Salvador","Lower middle income"
"Estonia","Estonia2013",12,0.175345981591716,0.165688045715701,0.0791353959494791,0.184609138640205,-0.0104322499240195,-0.00835617499616464,0.759721814947283,32,0.298256471763434,0.235891219150911,0.226300605697648,0.243666197293908,0.00262339691632893,-0.00890989103561798,0.446597769841321,24,0.354439208372628,0.377230930286853,0.213452548795708,0.3,0.00141075106620938,-0.0289056024856157,0.571749740000341,0,"2013","Europe and Central Asia","Estonia","High income"
"Ethiopia","Ethiopia2011",65,0.160171821037653,0.1683222935274,0.118034614000674,0.172953206226506,-0.0633094580901938,-0.065064271912266,1.2,44,0.0954571228546862,0.071025117939564,0.0959538856426757,0.0681509179630099,0.0505465500015485,0.0498230671578042,1.7830959663987,103,0.148952333195043,0.143605569441774,0.12359396063055,0.146486486486486,-0.0315761104493211,-0.0468543063804102,0.369532790224033,7,"2011","Sub-Saharan Africa","Ethiopia","Low income"
"Fyrom","Fyrom2013",22,0.441447981628388,0.469832297100688,0.322070637375547,0.627507140965163,0.0507480049907425,0.0148898010673568,2.51164397545224,45,0.285567025430322,0.276792753995975,0.206159019152099,0.261119376268707,-0.000301911775978031,-0.0224800674823614,0.845903092485023,52,0.2045645234714,0.202167675924564,0.164278311083983,0.209722222222222,0.0714157523978857,0.0688613785720165,0.306533705242559,0,"2013","Europe and Central Asia","Macedonia, FYR","Upper middle income"
"Georgia","Georgia2013",35,0.150833325703667,0.134173355078275,0.101705810127526,0.188832343961381,0.0108489238193537,0.0138131757781505,0.358097451877333,14,0.308789374877516,0.10470815198747,0.286090677906354,0.54330055800558,0.000137011069321504,-0.0133508632808133,1.5176154892137,29,0.167769132060356,0.166666666666667,0.0875574220978316,0.0886905256916,-0.00436479392124731,0.025691804033402,0.993115467523918,6,"2013","Europe and Central Asia","Georgia","Lower middle income"
"Ghana","Ghana2013",61,0.21489999353173,0.191186341170729,0.173186183044797,0.2375,0.0218691409537314,0.0270375492607778,1.26858094404268,98,0.147935234956685,0.0886927400539384,0.156583154107488,0.205263157894737,-0.0661000834635246,-0.0493009099571621,1.78633557776764,107,0.146521865494253,0.12,0.114011035167551,0.144444444444444,-0.0280345670836863,-0.0312194992712562,1.21160474836792,2,"2013","Sub-Saharan Africa","Ghana","Lower middle income"
"Grenada","Grenada2010",NA,NA,NA,NA,NA,NA,NA,NA,17,0.219860407243557,0.230434782608696,0.0901778009974744,0.144070481021802,-0.000761831906066989,0.00226285279070737,0.273138960413063,5,0.330795377387586,0.383441132951681,0.10129098876773,0.119223850446382,0.022433449869817,0.0259427063653689,NA,1,"2010","Latin America and Caribbean","Grenada","Upper middle income"
"Guatemala","Guatemala2010",4,0.18719024932115,0.143277630073213,0.127379640793145,0.156666666666667,0.0362538080654315,0.0148164682539683,2.83334929598383,189,0.252604660774494,0.274576273173278,0.161416888208776,0.166666666666667,-0.0604535640685701,-0.0532228153367512,1.57533999290283,48,0.236332505339115,0.246996174767627,0.12389568333629,0.195,-0.0378108249064163,0.0110751866650263,1.66228142516067,4,"2010","Latin America and Caribbean","Guatemala","Lower middle income"
"Guyana","Guyana2010",2,0.115367053723085,0.115367053723085,0.0110876775774924,0.0156803440053098,-0.00261339066755163,-0.00261339066755163,1.5,47,0.160485930308848,0.131733184648727,0.11564025914339,0.133393616464833,-0.0272332643710488,-0.024974821872633,1.54757787979547,13,0.218893215442167,0.238745293945795,0.150128459664804,0.24889782902741,0.0370834847544102,0.0230838137245579,1,1,"2010","Latin America and Caribbean","Guyana","Lower middle income"
"Honduras","Honduras2010",NA,NA,NA,NA,NA,NA,NA,NA,97,0.288273771947479,0.19342976890009,0.229176105125138,0.358948168883214,0.0345452500274763,-0.0340594877366718,0.236820819623632,32,0.229488104994271,0.250457022959784,0.208398646204122,0.220892857142857,-0.0622593206225431,-0.0835241176246152,1.39507505993433,6,"2010","Latin America and Caribbean","Honduras","Lower middle income"
"Hungary","Hungary2013",5,0.196294638130767,0.218445003556264,0.143515884237809,0.28,0.00994459772627372,0.126083631168831,1.07015358493461,20,0.141175940265716,0.122776579540073,0.0995149045766609,0.105384615384615,0.0472694656202243,0.0328381240989807,0.718480343137239,12,0.1567042039075,0.187750434658989,0.102274688372817,0.185416666666667,0.0555840784374712,0.0400198069292309,0.717495515077753,2,"2013","Europe and Central Asia","Hungary","High income"
"India","India2014",1293,0.126859468332124,0.1106894649474,0.0922731885644428,0.106666666666667,-0.000357378425323426,-0.00856265144582441,0.96,3099,0.122746509313253,0.1,0.0941651997691988,0.1125,0.0069195392753886,0.010808216411782,0.992937488121494,2375,0.142856800932397,0.12,0.104040532126356,0.147547169811321,-0.00613618877322366,-0.00745933862449056,0.933333333333333,48,"2014","South Asia","India","Lower middle income"
"Indonesia","Indonesia2009",34,0.359298249726098,0.307280683350097,0.211594300701518,0.278,-0.0526397438844777,-0.0681805525320335,1.2,526,0.323729117950883,0.287250854961349,0.223139845415526,0.34,-0.127908136254322,-0.112118335351555,1,353,0.33543639155779,0.316811722837216,0.18926014699719,0.276823529411765,0.029271553389112,-0.0363854637468543,1.16666666666667,1,"2009","East Asia and Pacific","Indonesia","Lower middle income"
"Iraq","Iraq2011",91,0.200427141039948,0.196227209361268,0.129834640834417,0.204371584699454,-0.00157555506438489,-0.00152940154853292,1.4049816980268,94,0.276614398744889,0.206998057590988,0.212964346534424,0.232051282051282,0.0242810937411077,0.0587499838521688,0.82587230029789,287,0.230089771412781,0.185139872717719,0.171051986805231,0.221255060728745,0.012953025507837,0.0270292254265092,0.909090909090909,1,"2011","Middle East and North Africa","Iraq","Upper middle income"
"Israel","Israel2013",26,0.22567756927118,0.204475901829852,0.12126885716669,0.159090909090909,-0.0484635096032114,-0.0606068362209928,1.28496357071775,100,0.213552086169318,0.18731222981801,0.141516456329026,0.190625,0.00404353683669328,0.054419924553176,1.04077222073855,43,0.138828659286575,0.122618943956385,0.122819752091332,0.16390350877193,-0.00724924806679164,-0.007017636823796,1.05348923846166,2,"2013","Middle East and North Africa","Israel","High income"
"Jamaica","Jamaica2010",4,0.219815187328056,0.235585825947037,0.0953655327818821,0.185882352941176,0.0155413383949435,0.0171646294881589,1,80,0.197673012863568,0.184530834981808,0.0937618353325429,0.141666666666667,-0.0556024535933505,-0.0613021821580613,1.02353043587226,25,0.288403028904233,0.289034733559772,0.0597786980438121,0.083333333333333,-0.0412494849394569,-0.113007797908818,1,0,"2010","Latin America and Caribbean","Jamaica","Upper middle income"
"Jordan","Jordan2013",75,0.247034532545705,0.214878264673449,0.158045392018218,0.24,-0.0513262125317418,-0.0621434486757921,1.0880213576903,123,0.21932605503252,0.19379008245584,0.179673749599789,0.2875,-0.0487122538861992,-0.0127249834349797,2.57798135267419,99,0.250207087258081,0.161504044398962,0.208527585095873,0.29,-0.09899482218609,-0.0027690716129551,5.25154393001424,0,"2013","Middle East and North Africa","Jordan","Upper middle income"
"Kazakhstan","Kazakhstan2013",32,0.253683927717732,0.184148737290698,0.204639119925208,0.240333333333333,0.00895647058367254,-0.00896497158462006,1.3576064942096,31,0.244069415759897,0.231201672839328,0.126215520304036,0.142857142857143,0.120385789502476,0.0940674182401031,0.981149496742839,83,0.283223582029357,0.252466691617151,0.17383195881217,0.244839571892232,-0.0199540514404275,-0.0033292645003557,NA,0,"2013","Europe and Central Asia","Kazakhstan","Upper middle income"
"Kenya","Kenya2013",27,0.112605488517765,0.0446781609023813,0.124564459163765,0.170174319727891,-0.0945099258991755,-0.093408619656667,1.40140745568537,221,0.121356296047249,0.0750409614351883,0.117500404758014,0.134571515972556,-0.0197702471381112,-0.0212143817901579,0.919402716802125,71,0.130588787138241,0.0992920695955411,0.128439594287685,0.11194767029439,-0.0852240795464951,-0.0445215242896516,1.19710902119675,4,"2013","Sub-Saharan Africa","Kenya","Lower middle income"
"Kosovo","Kosovo2013",21,0.150655189397869,0.119899612596882,0.114641211998941,0.109090909090909,-0.0324956546658051,-0.035404073112738,1.39517500378901,15,0.525896738264717,0.228723380761733,0.498896021371481,0.9,-0.235390171833155,-0.0160641034910956,1.1059196449461,18,0.297638645462088,0.380906598079196,0.184483735673763,0.355752857142857,-0.0694762058253754,-0.0130073022263546,2.75,3,"2013","Europe and Central Asia","Kosovo","Lower middle income"
"Kyrgyzstan","Kyrgyzstan2013",13,0.222816864267614,0.239076113150723,0.134513952085988,0.117420633811195,0.0136245155963343,0.027277501561102,0.702001319016087,28,0.254152276271715,0.25,0.130829681987476,0.186565097357755,-0.00607532976898869,-0.00342801905655422,1.06446471339831,26,0.22796494255816,0.194548715862338,0.137453610065881,0.25297619047619,-0.051405443360085,-0.0478260092232549,1.65990750901997,1,"2013","Europe and Central Asia","Kyrgyz Republic","Lower middle income"
"Laos","Laos2012",14,0.430851170337068,0.526189341088546,0.264918206208426,0.359663865546219,0.152950918148635,0.304201248131421,0.523596947792036,29,0.268916291241764,0.126042087588736,0.321527443906004,0.247050092764378,-0.0156884543343077,-0.0264221020878375,0.369065299478895,45,0.39499954033078,0.332759562993628,0.333918681118467,0.359481056773468,-0.0928856613679468,-0.0736148754846795,1.98482606126321,4,"2012","East Asia and Pacific","Lao PDR","Lower middle income"
"Latvia","Latvia2013",8,0.103614339776643,0.0513185942885436,0.122987835747671,0.169194312796209,-0.0266103949310172,-0.0508757604039744,0.913210438214453,14,0.316345286004156,0.325952820860574,0.118881829605452,0.143566666666667,-0.0120319059128529,-0.059456406726589,0.609967002778851,19,0.105516350672515,0.099373300107035,0.0534613539046617,0.0537147272727273,0.0395154776936831,0.0316431994601018,0.478422252474834,3,"2013","Europe and Central Asia","Latvia","High income"
"Lebanon","Lebanon2013",29,0.24757937634568,0.230109145215408,0.184180854493536,0.233333333333333,0.0455896315548448,0.013218747497556,0.405303687804337,118,0.193008170936683,0.17835057461276,0.120626705726502,0.138888888888889,-0.0318777454106565,-0.0202282319347455,0.76121604290133,42,0.170863142796528,0.163329760004145,0.097999333193273,0.091666666666667,-0.0219904468736996,-0.0369497358841093,0.756749575305109,1,"2013","Middle East and North Africa","Lebanon","Upper middle income"
"Lithuania","Lithuania2013",14,0.185257354560047,0.0816776341294507,0.200476830068825,0.206545454545455,0.0111902553581581,-0.0986630068038339,0.875,27,0.180766759466053,0.206504279955255,0.103423691809444,0.067040816326531,-0.051135774368241,-0.0397882664942051,1.30622095932534,21,0.307552752793563,0.33870303919226,0.182633483811631,0.282105263157895,-0.0179465499124643,-0.0198286841678426,0.51976970311705,5,"2013","Europe and Central Asia","Lithuania","High income"
"Madagascar","Madagascar2013",68,0.27429405391585,0.25,0.217384435167469,0.247222222222222,0.168420960591795,0.167537944552618,0.279152367507157,64,0.178798238961799,0.127578626525008,0.151418691710037,0.185135135135135,-0.0190947064655347,-0.053660905294383,1.73081677545541,69,0.50133582072802,0.420580705254457,0.297539183675896,0.595099715099715,-0.14128072319803,-0.016726751822077,1.00467763032226,7,"2013","Sub-Saharan Africa","Madagascar","Low income"
"Malawi","Malawi2014",17,0.230657540289395,0.19900748417454,0.16532041539864,0.321428571428571,-0.0979966097573052,-0.0756670696534268,1.76675717992435,50,0.125098046830164,0.0807264932041806,0.121896877213129,0.114838033333333,-0.0703272678117559,-0.0565488612658119,0.935935445132026,46,0.209847551401752,0.131013440229181,0.209466890819682,0.279099915021097,-0.0556588610113761,-0.0735811148992575,1.72038278763076,4,"2014","Sub-Saharan Africa","Malawi","Low income"
"Mali","Mali2010",NA,NA,NA,NA,NA,NA,NA,NA,22,0.174128743552799,0.101672113870129,0.192376837712238,0.298479532163743,-0.0623188770138856,-0.0196760452418603,1.48704825444379,35,0.105632107914456,0.0927744957012328,0.103523206324292,0.166875,-0.00186938375090232,-0.0198964145461778,0.609884363621181,3,"2010","Sub-Saharan Africa","Mali","Low income"
"Mauritania","Mauritania2014",6,0.0515658377485656,0.0307490782067982,0.0645824694432068,0.077,0.0140614548845575,0.00808895784556868,0.813827456802558,16,0.0843782478523037,0.0705134578299931,0.072792109353809,0.0596795111817662,0.0341073120095101,0.0372895256967037,0.560370842878881,10,0.0479706035172285,0.0406729117664291,0.0279969378422747,0.0493162974121922,-0.00529601807068143,-0.00831952006334229,1.3856757428541,3,"2014","Sub-Saharan Africa","Mauritania","Lower middle income"
"Mauritius","Mauritius2009",32,0.290386041400645,0.16,0.313124789311538,0.610494623655914,0.0635136835255957,-0.0378940254069316,1.59341144188144,113,0.212115851077701,0.181877162160432,0.16717584412713,0.2,-0.00274024008046695,-0.0256642670602358,0.425172961715789,65,0.275622428576068,0.224436228023019,0.247188913388344,0.329317738791423,-0.137137528292021,-0.0793769221300568,0.650027595234427,0,"2009","Sub-Saharan Africa","Mauritius","Upper middle income"
"Mexico","Mexico2010",75,0.204437149594056,0.235612540005732,0.166190764157964,0.178571428571429,-0.0947981469476048,-0.0517384982825059,0.96913341102113,715,0.26159732549856,0.25,0.146435392873765,0.223666666666666,-0.0678677342372423,-0.0573017766531128,0.819704024852795,304,0.232807059952994,0.24,0.145726278824779,0.256747784368347,-0.0272203655991653,-0.0448931245412227,0.5,2,"2010","Latin America and Caribbean","Mexico","Upper middle income"
"Moldova","Moldova2013",10,0.322825237478531,0.322652627776538,0.200346227933929,0.35699683586088,-0.11353101551829,-0.160740780951075,0.999303238596439,21,0.371852504250343,0.257993727057291,0.328020343607363,0.559552422693947,-0.129326781552022,-0.134964178890179,0.420350768609709,55,0.238244614062083,0.187431316157352,0.180463253187566,0.225479452054795,0.00982994388906533,0.0431716595581849,0.632328086209869,0,"2013","Europe and Central Asia","Moldova","Lower middle income"
"Mongolia","Mongolia2013",25,0.237190498791054,0.257685010814197,0.111464533194796,0.190967741935484,-0.025981066323051,-0.0314009717676296,0.685714285714286,13,0.202913030904187,0.231428310479041,0.101049291444072,0.170666666666667,-0.0659047996790927,-0.0578053191398594,0.367949590767774,59,0.219201861585719,0.200970208715906,0.142917685653558,0.148852459016393,-0.00912101621337455,0.00889487077840468,1.20854791497953,1,"2013","East Asia and Pacific","Mongolia","Upper middle income"
"Montenegro","Montenegro2013",4,0.135779815495956,0.135780522347279,0.0775997496144286,0.13,-0.0224220351659888,-0.0236869821449411,1.5,6,0.446326933549155,0.460880088391594,0.110878519101031,0.116666666666667,-0.0362299238132145,-0.0213190836848427,2.25005202185186,13,0.356733662765219,0.335480423913921,0.243963120937928,0.37,-0.0816782354316709,-0.0200010307878528,1.07265699743366,1,"2013","Europe and Central Asia","Montenegro","Upper middle income"
"Morocco","Morocco2013",17,0.132160568859275,0.104397029016161,0.0959808843009361,0.0951563333333333,0.0274511663275663,0.0214005615484442,0.407073865637424,85,0.259214465864962,0.15,0.215044123408368,0.237714494341,-0.084751404150329,-0.0623739775513699,1.21322182589355,60,0.176779313890945,0.118562213351147,0.161329274078125,0.21680216802168,0.022763341815478,0.00721147408659225,0.893422463846984,0,"2013","Middle East and North Africa","Morocco","Lower middle income"
"Myanmar","Myanmar2014",72,0.215463469151671,0.137720810467213,0.206716579495885,0.253333333333333,0.192929888257098,0.15236379993117,0.0663434185140464,62,0.212206264147017,0.148654289514012,0.167467895272322,0.2,0.0359369589665996,0.0745929751609033,0.422802375168738,164,0.240722048230278,0.2,0.173725867747876,0.273666666666667,0.0612811010756229,0.104986592109683,0.97571164479763,0,"2014","East Asia and Pacific","Myanmar","Lower middle income"
"Namibia","Namibia2014",27,0.344484981582468,0.230112618052988,0.321860311049852,0.478444444444445,-0.0452413469800145,-0.0225367711454129,1.07339819319854,20,0.101109733670948,0.103572594601631,0.0862118654968179,0.160001110925957,-0.0325005006106253,-0.0292929819296709,1.69491525423729,26,0.247851561200461,0.182898831480396,0.19694102363598,0.237142857142857,-0.071353698871912,-0.173859198332054,1.75728380091241,0,"2014","Sub-Saharan Africa","Namibia","Upper middle income"
"Nepal","Nepal2013",26,0.190312197801318,0.163044770130807,0.117098803436571,0.135897435897436,-0.0372921728091022,-0.023478198335526,0.707251716387622,114,0.191680745605859,0.2,0.121320786561687,0.141333333333333,-0.0561525448914535,-0.0736917303209058,1.53737480486064,100,0.227303742743209,0.2,0.141475394717815,0.180537313432836,-0.0217341135785976,-0.0912736639293484,0.823786622753763,0,"2013","South Asia","Nepal","Low income"
"Nicaragua","Nicaragua2010",3,0.428750675653063,0.423552,0.38781697148855,0.773737373737374,-0.219861408819135,-0.218777390133216,8,95,0.333911536403357,0.3,0.250660249067463,0.340588235294118,-0.108778525646389,-0.0447533947683869,0.787193121564514,23,0.164516622388391,0.133356889058309,0.0762424029924416,0.054,-0.0240901178556246,-0.0509542314384769,3.65472465580729,1,"2010","Latin America and Caribbean","Nicaragua","Lower middle income"
"Nigeria","Nigeria2014",176,0.243227677756755,0.2,0.255621778136534,0.419444444444444,-0.0136110731529111,-0.0247584198010444,0.75,262,0.246284788294074,0.25,0.217927600523613,0.296666666666667,-0.0298175095630165,-0.0535870069321328,0.764705882352941,402,0.234316029266074,0.233333333333333,0.207413686561151,0.303846153846154,-0.00755018708652019,-0.00838807446449143,0.836934097160967,40,"2014","Sub-Saharan Africa","Nigeria","Lower middle income"
"Pakistan","Pakistan2013",18,0.264558203650838,0.227459493919965,0.223714347826572,0.361111111111111,-0.0536529672098574,-0.103788430815091,1.33333333333333,265,0.201926607178049,0.081002820986545,0.273450972707307,0.265623773052632,-0.125634235289637,-0.0490831336119718,0.681727959864425,151,0.211820030087556,0.117224840958858,0.249624915143536,0.249047619047619,0.0810288232036292,0.0565633310684424,0.245370201224564,18,"2013","South Asia","Pakistan","Lower middle income"
"Panama","Panama2010",NA,NA,NA,NA,NA,NA,NA,NA,27,0.133420358257454,0.0827557515354716,0.144443140024029,0.17,-0.0147002755219938,-0.0363732715462546,0.561064910201418,16,0.281614512716415,0.244401111543667,0.182900461629392,0.241758241758242,-0.0928225130345459,-0.121637694288089,0.79403745082779,1,"2010","Latin America and Caribbean","Panama","Upper middle income"
"Paraguay","Paraguay2010",7,0.207034231713534,0.221593644794358,0.0687339705966976,0.0463433973772492,-0.0350815669793861,-0.0702833448826783,0.878330661492111,93,0.204765831549083,0.176409460828721,0.156416030919748,0.206838962777778,0.022089542127147,-0.00539947441584531,2.73088414017921,39,0.194331561977554,0.188498435169369,0.114108850298757,0.167427983337418,-0.0325206376510564,-0.0427524190775161,2.09564027828856,2,"2010","Latin America and Caribbean","Paraguay","Upper middle income"
"Peru","Peru2010",33,0.150591704460712,0.123991218882343,0.0917373494015718,0.116666666666667,-0.0102691655059309,-0.00872129975903475,0.774736321800822,352,0.203007875966685,0.185714285714286,0.135837629960168,0.163888888888889,-0.0499390659308212,-0.0280736561027828,2.4,230,0.215538321509808,0.180192435563275,0.163823824698966,0.168707482993198,-0.0201845510165543,0.00222577963312615,1.34164101991266,5,"2010","Latin America and Caribbean","Peru","Upper middle income"
"Philippines","Philippines2009",21,0.155675490026365,0.136511514579201,0.124790392220711,0.12648586214673,0.00259882767875233,-0.000389341258619843,1.81540574709238,501,0.172193725345815,0.128453140109934,0.148806188846423,0.198717948717949,-0.0120289779265637,0.0252781966204188,0.882352941176471,281,0.174169774841325,0.115613936113182,0.159844536680632,0.197147734285603,-0.0419296536894512,-0.0406370233008752,1.28126822257654,12,"2009","East Asia and Pacific","Philippines","Lower middle income"
"Poland","Poland2013",NA,NA,NA,NA,NA,NA,NA,NA,37,0.245083077055861,0.195911332662718,0.236613422344623,0.276972281449893,0.0873435637236199,0.0748692010042094,0.713399125958048,14,0.202351755985873,0.13770381808565,0.172545328366436,0.2325,-0.117762012793945,-0.12444507391221,2.02329868494667,4,"2013","Europe and Central Asia","Poland","High income"
"Romania","Romania2013",14,0.17966205849126,0.127350845641882,0.163715693261096,0.210227501228101,0.0675874346730367,0.103438473403247,0.285487363228043,67,0.247787920648637,0.171787909551934,0.230983020280931,0.271700077723155,0.0122772130154,-0.0078798023884559,0.817086263044546,56,0.250350315504648,0.190447399990914,0.226266653336606,0.231740334405853,0.0751983749670087,0.0549444229466761,0.315141647035587,3,"2013","Europe and Central Asia","Romania","Upper middle income"
"Russia","Russia2012",207,0.238344796216587,0.214808714482455,0.1699209876752,0.244444444444444,-0.0110771327765766,0.00671414159576166,0.947889264981692,247,0.275020271407257,0.272718973452227,0.17880559037673,0.281976744186047,-0.0675537404926864,-0.0535679028611797,1.62863718924031,416,0.233802758889029,0.2,0.182198083720542,0.243333333333333,-0.0237256685771517,-0.0329082818034549,1.17261951102283,3,"2012","Europe and Central Asia","Russian Federation","High income"
"Senegal","Senegal2014",34,0.230798566710832,0.195399535589171,0.15513262734294,0.328921568627451,-0.0156325935167909,0.025664899462206,1.74751032258467,59,0.187913394064887,0.0774601156251133,0.238843049529594,0.23,-0.1113252527314,-0.0756059812972581,8.61487515767935,74,0.165736625927728,0.128499226551261,0.140760528666582,0.18090990990991,-0.0286807644989086,-0.0226039635763254,2.13439694738538,2,"2014","Sub-Saharan Africa","Senegal","Lower middle income"
"Serbia","Serbia2013",12,0.423084325680812,0.299004756154269,0.300307946512527,0.483168484678428,0.121869458769301,0.0467101743072267,0.9375,44,0.237473745454076,0.164582212002584,0.192123987102676,0.184454117647059,-0.00976833935428313,0.028180512993638,2.54677549856557,35,0.182332685428317,0.142142353395188,0.148375656216078,0.177272727272727,-0.0835208357782889,-0.0537124978813762,0.419374624760638,1,"2013","Europe and Central Asia","Serbia","Upper middle income"
"Slovakia","Slovakia2013",NA,NA,NA,NA,NA,NA,NA,NA,19,0.187832761907405,0.145592586008208,0.146847922967203,0.139575500588202,-0.0154228487555848,-0.0537294908957091,0.833560410582733,23,0.249118199031155,0.151357189627539,0.24343434106763,0.274363580034423,-0.0593431595842774,-0.0517772384039254,1.2395289087341,5,"2013","Europe and Central Asia","Slovak Republic","High income"
"Slovenia","Slovenia2013",5,0.105875302277047,0.100585994145335,0.10683660009431,0.214844074844075,-0.0239251985518702,0.0114032761964116,0.955306147166943,47,0.274849657828728,0.294547474298249,0.128442631383543,0.186355588521575,-0.0145069463897054,-0.0478407136828943,0.954608672606039,18,0.236962295606181,0.161854610903686,0.162525371184756,0.260887086023348,-0.017946479786113,-0.0504525907205388,0.746885156517964,0,"2013","Europe and Central Asia","Slovenia","High income"
"Southsudan","Southsudan2014",73,0.21942983745928,0.186382170554364,0.183524830437438,0.29894578313253,0.0265498396561842,0.0284590690439817,1.25,NA,NA,NA,NA,NA,NA,NA,NA,4,0.194314832967199,0.203629665934398,0.0541524791696459,0.0331779500779953,-0.0031049443223996,-0.0031049443223996,0.75,1,"2014","Sub-Saharan Africa","South Sudan","Low income"
"SriLanka","SriLanka2011",31,0.312537267518653,0.297750522774624,0.154745350697978,0.191666666666667,0.0886587998186359,0.0956080523822336,0.890714017057606,184,0.225093933605396,0.181092043018174,0.175359297626353,0.262078651685393,-0.0138857473287558,-0.00641486830347966,0.66852176208381,113,0.311739674559754,0.267128813693823,0.226259304973514,0.373333333333333,0.101451829083338,0.12341055001566,0.600179503717672,0,"2011","South Asia","Sri Lanka","Lower middle income"
"Stkittsandnevis","Stkittsandnevis2010",3,0.277476359279704,0.310344827586207,0.0730349333926102,0.135789473684211,-0.0357379194835552,-0.040986214619454,2.4,14,0.26695349551489,0.281771967891158,0.139328681774715,0.182894736842105,-0.00343440772088684,-0.0104554379900011,0.981196588506887,6,0.195986280950363,0.229241146711371,0.104520730050346,0.134793675307721,-0.0555661413101736,-0.0574067028283176,2.81010100928001,0,"2010","Latin America and Caribbean","St. Kitts and Nevis","High income"
"Stlucia","Stlucia2010",2,0.392333333333333,0.392333333333333,0.0344125300177453,0.0486666666666666,0.000784946236559138,0.000784946236559138,0.96875,33,0.191910494976081,0.179881750100453,0.101281361702167,0.119679966044143,0.0361900881226551,0.0389252928585683,0.761880160031013,24,0.243511274976895,0.230773577219641,0.109201986760141,0.195,-0.0400265025454789,-0.0383623871673593,1.42708331884609,0,"2010","Latin America and Caribbean","St. Lucia","Upper middle income"
"Stvincentandthegrenadines","Stvincentandthegrenadines2010",3,0.27067129794117,0.21770152422885,0.124436706384292,0.216797342192691,0.0126435690213877,0.0121331792575473,0.797270958451581,32,0.215845644330557,0.2,0.0933383555810293,0.16,-0.0489089034564384,-0.045447419244967,1.09173435834225,12,0.24050165263641,0.247712597385047,0.0670865773986581,0.0695294117647058,-0.0186861471571112,-0.0199320721410498,1.30868385055783,0,"2010","Latin America and Caribbean","St. Vincent and the Grenadines","Upper middle income"
"Sudan","Sudan2014",4,0.0148293188033363,0.001,0.0265965738186796,0.052,0.0138446266448751,0.014015625,0.401823009620854,5,0.171574864221424,0.0607774216738068,0.247858188388226,0.16,-0.0933955042500221,-0.09038,3.00938994320845,12,0.13068599749582,0.11272262398743,0.135745156129495,0.2445,-0.0426716234818457,-0.0461356113852749,1.32443884191171,1,"2014","Sub-Saharan Africa","Sudan","Lower middle income"
"Suriname","Suriname2010",NA,NA,NA,NA,NA,NA,NA,NA,38,0.271306578448551,0.266908404112792,0.0284520793163418,0.035714285714286,-0.00449596641449006,-0.00470973667847103,0.4,26,0.267757052068776,0.272777787534388,0.0271968922725013,0.026478873239437,-0.00154473782119428,-0.00149500600629195,0.737523530435156,11,"2010","Latin America and Caribbean","Suriname","Upper middle income"
"Sweden","Sweden2014",30,0.232760461286627,0.26774786640269,0.146297082045721,0.181347474747475,-0.00953995498266416,-0.0221143222214612,1.243350493941,231,0.309844586019253,0.274405086522416,0.198763993447149,0.257142857142857,-0.187168535588485,-0.128881552501406,3.15422853237994,52,0.305759249744633,0.269637569726327,0.191818599393789,0.366092924193422,-0.00935275527188457,-0.030141119985521,2.00158973110238,0,"2014","Europe and Central Asia","Sweden","High income"
"Tajikistan","Tajikistan2013",27,0.286585246256032,0.196856429204885,0.235143578922824,0.398534385569335,0.101762357776593,0.0753432727510982,0.124792702983973,12,0.35550501233926,0.293068459997726,0.286701422350889,0.430672856423737,-0.0639584420524061,-0.0674202755623447,1.02019298746331,33,0.199456068922484,0.153296171246702,0.155158676400108,0.2203795,-0.0404961515671094,-0.0423291830091378,1.80988077499081,0,"2013","Europe and Central Asia","Tajikistan","Lower middle income"
"Tanzania","Tanzania2013",25,0.123635890170845,0.1,0.126540047077616,0.173191214470284,-0.00743696549427017,-0.0614515563081207,0.366370780878737,71,0.169112618006324,0.140090804522868,0.124121063488768,0.130555555555556,-0.0264840690180435,-0.0125244827201076,0.998532327762057,77,0.182944020305081,0.155277709325842,0.126456229895728,0.128571428571429,-0.00266403957070548,0.0011346601503433,4,5,"2013","Sub-Saharan Africa","Tanzania","Low income"
"Trinidadandtobago","Trinidadandtobago2010",NA,NA,NA,NA,NA,NA,NA,NA,69,0.281242135994532,0.3,0.113734221959607,0.157142857142857,0.0177609677293072,0.00994732346580743,1.22597553999943,39,0.26185783069311,0.25,0.0857692814494896,0.068571428571429,0.00909647194858547,-0.00201508332640477,1.44327962449503,3,"2010","Latin America and Caribbean","Trinidad and Tobago","High income"
"Tunisia","Tunisia2013",43,0.15352032340289,0.0786687016623921,0.176057805933183,0.205769230769231,0.0370022465034852,0.00528959253099944,0.537763090355441,183,0.173380002567195,0.145637686653842,0.137713725770149,0.160630282154161,0.00733789198090129,0.000744376912206876,0.439339638508803,90,0.277061775907874,0.217325651310944,0.203221267138808,0.237542314424269,0.0210667920886579,0.0262291311689062,0.182835538528316,10,"2013","Middle East and North Africa","Tunisia","Upper middle income"
"Turkey","Turkey2013",98,0.282193095401454,0.227086449707506,0.228554277119196,0.322267146053814,0.0154082788995161,0.0504221413531751,0.562447803208411,245,0.224463604520912,0.186522777139132,0.200847102494211,0.3,0.0438511519113079,-0.00346420335004928,1.10407612079664,163,0.247828039458278,0.179264679299744,0.208159109323189,0.23310606060606,-0.03531024912065,-0.0336068518418861,1.66175290736328,0,"2013","Europe and Central Asia","Turkey","Upper middle income"
"Uganda","Uganda2013",38,0.266325065083408,0.345200376877075,0.173940550102038,0.305296866885927,-0.101323144856206,-0.0682854828198582,0.492359929621707,72,0.135848004838531,0.1,0.143484063438415,0.20568376068376,-0.0362521654117576,-0.0444208191159422,0.663752164456702,80,0.0527659954745796,0.0240575086675174,0.0694823384987921,0.0231696428571429,-0.0023208593443794,-0.0245517962610798,1.11103245361702,22,"2013","Sub-Saharan Africa","Uganda","Low income"
"Ukraine","Ukraine2013",66,0.299988294661525,0.250040209274888,0.155960277759506,0.180212591986917,-0.0276056264933818,-0.00636311440620166,0.998558648536215,145,0.315928792634485,0.301751769870987,0.196737177731107,0.354732905982906,-0.0515549753067262,-0.0228610219798853,0.674289917836371,320,0.338297693181752,0.3,0.212758718530622,0.328978622327791,-0.0273224571931044,-0.0352488091891899,0.571265370942846,5,"2013","Europe and Central Asia","Ukraine","Lower middle income"
"Uruguay","Uruguay2010",11,0.204236572276949,0.202887242033631,0.15543751302778,0.260714285714286,-0.0168989238360743,-0.0262376723092804,0.730660747890725,185,0.280874077117674,0.233506080147013,0.195918310239427,0.33823754789272,-0.0817741706544416,-0.0460753194868075,1.42903372137152,54,0.177277660331552,0.130353965479581,0.116587036362512,0.114694330093036,0.00426996319219381,-0.0470873681049906,0.392985406475339,5,"2010","Latin America and Caribbean","Uruguay","High income"
"Uzbekistan","Uzbekistan2013",35,0.323660517943299,0.156826676226052,0.337744724816037,0.744682985679954,-0.0509602423126322,-0.0854736272357355,0.872333219000041,36,0.053989553793993,0.029550898276633,0.0744450439240464,0.0939768858178065,0.0619481425921248,0.0274463381453397,0.832473361809355,43,0.213189235557143,0.147198823276326,0.176362762466268,0.277995595564656,-0.0464663988872463,-0.0858208208751195,1.42527971405124,8,"2013","Europe and Central Asia","Uzbekistan","Lower middle income"
"Venezuela","Venezuela2010",NA,NA,NA,NA,NA,NA,NA,NA,38,0.156886796435161,0.178001485901421,0.0506047437068708,0.05025,-0.00778048947096296,0.00393228757257523,0.835928484937472,19,0.1090853831516,0.11452018215044,0.110168700489903,0.091,-0.0112888314191834,-0.0202948759433961,0.708859726380323,2,"2010","Latin America and Caribbean","Venezuela, RB","High income"
"Vietnam","Vietnam2009",79,0.222573857051251,0.2,0.171884232710947,0.2375,0.050441996595096,0.0417821110552845,0.472166055133621,199,0.138440327627599,0.127794252513246,0.104506832426057,0.108231707317073,0.0426931439857159,0.0414516339426769,2.34801439266404,425,0.137414647464838,0.105417267249029,0.126945362819055,0.148125,0.036462769031985,0.0433834319332339,1.60183753853429,27,"2009","East Asia and Pacific","Vietnam","Lower middle income"
"West Bank And Gaza","West Bank And Gaza2013",19,0.164165778888711,0.158926381705239,0.136304045887655,0.166764705882353,-0.0452049009710592,-0.0259551090756226,1.27876163048357,72,0.165223938050612,0.123708620965504,0.110508369410068,0.191425120772947,-0.0141139709839219,-0.0206638491009017,1.18843335085912,49,0.181734568066574,0.0873838280512291,0.197775606243512,0.199,-0.0085358910631608,-0.006100969439786,0.858121127054311,2,"2013",NA,NA,NA
"Yemen","Yemen2013",4,0.0679577714997219,0.0660375433352853,0.0255324081705948,0,0.0137701865340217,0.0153308338049425,0.19253317825401,47,0.169346154941665,0.0976617506942987,0.142101214350489,0.32,-0.0856639379791346,-0.0598911565703478,1,31,0.11881126350218,0.107445221732148,0.113446743293244,0.147916666666667,-0.00788509802154694,-0.0430107629041549,0.89394792510927,11,"2013","Middle East and North Africa","Yemen, Rep.","Lower middle income"
"Zambia","Zambia2013",54,0.209394492954012,0.186181757856148,0.143466027283617,0.222439024390244,-0.0397587318670878,-0.0382959480226998,2.4,89,0.15414021748927,0.131203436933972,0.109063260224625,0.130232558139535,-0.0204284705793657,-0.0184986564824058,1.63087895778307,137,0.176193065686517,0.153333333333333,0.125859733313838,0.170588235294118,-0.0132013500271189,-0.0139046058448575,1.9065413203747,0,"2013","Sub-Saharan Africa","Zambia","Lower middle income"
