"countryOnly","country","N_Small","mean_Small","median_Small","sd_Small","iqr_Small","OPcov_Small","OPcovNoWeights_Small","indAlloc_Small","N_Medium","mean_Medium","median_Medium","sd_Medium","iqr_Medium","OPcov_Medium","OPcovNoWeights_Medium","indAlloc_Medium","N_Large","mean_Large","median_Large","sd_Large","iqr_Large","OPcov_Large","OPcovNoWeights_Large","indAlloc_Large","outliersOut","yearOnly","region","countryDes","incomeLevel"
"Afghanistan","Afghanistan2014",5,0.189872939375947,0.194753089019969,0.161537876981743,0.270871394007072,0.0207952573597302,0.0132853638671709,1.5875025877621,16,0.52603714494903,0.242126696832579,0.644928576364696,0.566666666666667,-0.0586565706642562,0.00833457118207557,1.38114726601811,1,0.01,0.01,NA,0,0,0,1,5,"2014","South Asia","Afghanistan","Low income"
"Albania","Albania2013",20,0.376839919954047,0.333333333333333,0.236528335972499,0.288361879666227,-0.00653620367591613,-0.0128394344473414,1.20626639659797,9,0.514414539860766,0.532953886879454,0.421074810029669,0.814041378796405,-0.0963704424834984,-0.0397925657215967,0.648730992033141,1,0.708333333333333,0.708333333333333,NA,0,0,0,1,11,"2013","Europe and Central Asia","Albania","Upper middle income"
"Angola","Angola2010",59,0.01663004585737,0.00235916183019114,0.0301956217657055,0.0141266475644699,0.00110166982857765,0.000913249680356923,0.923076923076923,33,0.0277875028203598,0.00888998270393431,0.0399639313171587,0.0348612176470588,0.00291945994868372,0.00271693788968145,0.72485172878029,21,0.0413339036523232,0.0162409436586178,0.0507088889741028,0.0939136302294197,-0.00331265998839464,-0.00283629075023586,0.991824246073118,8,"2010","Sub-Saharan Africa","Angola","Upper middle income"
"Antiguaandbarbuda","Antiguaandbarbuda2010",25,0.406352194983493,0.408602150537634,0.115508533866239,0.176923076923077,0.00470390676485862,0.00470390676485862,0.818181818181818,6,0.389932795698925,0.393548387096774,0.0592699782715917,0.09,-0.0115203723451524,-0.0115203723451524,1.775,NA,NA,NA,NA,NA,NA,NA,NA,0,"2010","Latin America and Caribbean","Antigua and Barbuda","High income"
"Argentina","Argentina2010",177,0.436291049605863,0.4,0.22590922718359,0.365384615384615,0.00366019389804443,0.00361284149907182,0.862374897593985,254,0.499828814072161,0.5,0.239220108143611,0.388,0.0189275094779997,0.00705143522042452,1,215,0.423095227063257,0.4162391712824,0.228118880421513,0.343333333333334,-0.0740589599075974,-0.0624582122274457,1.44485760789397,10,"2010","Latin America and Caribbean","Argentina","High income"
"Armenia","Armenia2013",25,0.396227453610079,0.4,0.180519871709128,0.262211938043068,-0.0118990490775227,-0.00282683690935658,0.765027296954591,23,0.291451755673998,0.29698351447332,0.13804194027559,0.182608695652174,0.00661506893381225,-0.000844456868845894,0.910250902201642,10,0.552733435130168,0.660683231555316,0.245923324576953,0.316881268906691,0.00671062432002175,0.00443829094512296,0.994013024835198,8,"2013","Europe and Central Asia","Armenia","Lower middle income"
"Azerbaijan","Azerbaijan2013",26,0.325833138134979,0.355725646064467,0.139067851541564,0.133333333333333,0.0172219053236475,0.00992821359960368,0.880277854995734,43,0.339184931059776,0.333333333333333,0.160069624656035,0.164705882352941,0.00738444701257346,0.0114246660102015,0.715332445724974,2,0.5,0.5,0,0,0,0,1,2,"2013","Europe and Central Asia","Azerbaijan","Upper middle income"
"Bahamas","Bahamas2010",19,0.466668386857301,0.463166666666667,0.0974590694381394,0.126315789473684,-0.00118672169205725,-0.00179452671849218,1.38461538461538,14,0.498925747246685,0.4775,0.125034381843648,0.15,0.0160026106970966,0.0141085516739408,0.769230769230769,3,0.523555555555556,0.522285714285714,0.11531984506869,0.136,-0.0190426289785131,-0.00730955526199911,1,0,"2010","Latin America and Caribbean","Bahamas, The","High income"
"Bangladesh","Bangladesh2013",313,0.458618237603347,0.478014400301665,0.226231791265032,0.339285714285714,0.00618929231419454,0.00294754618391172,0.96411969455824,416,0.457521713973147,0.466666666666667,0.23346941071887,0.342276144907724,-0.000899237150260693,-0.003253622097472,1.169207381092,368,0.514079578906642,0.545154459108623,0.246439317061933,0.433333333333333,8.4410715099062e-05,0.00290322903928079,1.02755100810279,20,"2013","South Asia","Bangladesh","Lower middle income"
"Barbados","Barbados2010",19,0.400668843826739,0.4,0.0312723460761288,0.016666666666667,0.00234606209822027,0.00234606209822027,2,32,0.369874485860354,0.4,0.115708048232072,0.0911273959328988,0.00893895680720349,0.00893895680720349,0.909090909090909,10,0.393695396715115,0.381818181818182,0.281546107627958,0.355964553510566,-0.0169607158753027,-0.0169607158753027,1,6,"2010","Latin America and Caribbean","Barbados","High income"
"Belarus","Belarus2013",31,0.380094522830447,0.314166577649406,0.217222379353036,0.292452830188679,-0.0108538328608,-0.00738529457787026,1.48891233541837,28,0.341473077059642,0.29015157052161,0.217074497596606,0.214285714285714,0.0165459444269896,0.0105443448735212,1.03865233680499,22,0.334179691498682,0.202980811377277,0.3257671917331,0.305405405405405,0.263427613917959,0.17918432930951,0.27653615090898,0,"2013","Europe and Central Asia","Belarus","Upper middle income"
"Belize","Belize2010",42,0.425867547984464,0.424484077230387,0.151754707313505,0.25,-0.00862170223594443,0.00360712484466988,1.80951745969604,23,0.368538530253653,0.371415631952416,0.138841778066406,0.153571428571429,0.00173405063081251,0.00307824306040508,0.892285058445968,7,0.416672317785955,0.375375202813661,0.175181856607355,0.125,-0.00470372747737528,-0.00583973529486961,0.692912723095027,0,"2010","Latin America and Caribbean","Belize","Upper middle income"
"Bhutan","Bhutan2015",46,0.476928530837619,0.456756673723205,0.30833862595651,0.541627675159545,-0.0600400834000483,0.0196655163975524,1.6,22,0.41401295559796,0.294012908438529,0.290009946126246,0.373226602161413,-0.0453698806741406,-0.051553589876332,0.88345627280476,6,0.322885289399043,0.40912931545884,0.194512507886462,0.358590366987979,0.0311874349014884,0.0385885540040209,0.59247991066876,0,"2015","South Asia","Bhutan","Lower middle income"
"Bih","Bih2013",38,0.492064067359189,0.5,0.196267132119447,0.21978021978022,-0.0126675995685768,-0.0192962330690449,0.833333333333333,31,0.472370649653642,0.467077677700191,0.257667329766886,0.366580662017735,0.0363192949446601,0.0357967681528476,0.85212088020038,10,0.336221906510491,0.329507085008932,0.209895152085344,0.312686029411765,0.00734884706083993,0.000572367371384922,0.667391334691625,1,"2013","Europe and Central Asia","Bosnia and Herzegovina","Upper middle income"
"Bolivia","Bolivia2010",11,0.34289655269218,0.165596877369867,0.345244405985769,0.641065535124941,0.0214745208946716,-0.0360025526815219,0.986450321979035,17,0.272101516872021,0.110054169867981,0.379743998242447,0.626199905704856,-0.0538150033095013,-0.0922725966686192,1.43321387601753,20,0.553594496819268,0.599983275202257,0.160340031978109,0.260793650793651,-0.108577920224098,-0.0839458275801348,0.729842790764243,0,"2010","Latin America and Caribbean","Bolivia","Lower middle income"
"Botswana","Botswana2010",24,0.33751202465738,0.348794675612427,0.219058736247451,0.3125,-0.000684050867646647,-0.00587775202681584,1.11461801984501,28,0.493362127995702,0.557496727189474,0.229815567121513,0.336363636363636,0.0300508568096239,0.0316320987537013,0.680339461540099,15,0.447869096567666,0.469381422894044,0.229464687462339,0.237877253968254,-0.0479647006935515,-0.065556906716379,1.09251304182063,1,"2010","Sub-Saharan Africa","Botswana","Upper middle income"
"Brazil","Brazil2009",382,0.325364182761067,0.322284594872007,0.19500264019775,0.221052631578947,0.0103524608025411,0.00487611018889533,1,503,0.355266910774297,0.333333333333333,0.176540995930071,0.214285714285714,-0.00740397759469111,0.0061281934070989,0.740902840655923,233,0.351302925394569,0.310243859285696,0.200370733100609,0.26,-0.0371386789294236,-0.0592603740338295,0.977130233409814,10,"2009","Latin America and Caribbean","Brazil","Upper middle income"
"Bulgaria","Bulgaria2013",45,0.439809489669276,0.43055466815299,0.232581450537961,0.290215086886404,0.00123935044032987,0.00136316257619593,0.869289679886701,27,0.304410619651026,0.238850961712571,0.247759389413471,0.369667867146859,0.0172773862759695,0.0270148362200693,0.477094835488085,17,0.406765578478838,0.457935693341324,0.29956902665137,0.496098812227131,0.132563235955933,0.123810841443544,0.423449805847026,2,"2013","Europe and Central Asia","Bulgaria","Upper middle income"
"Burkinafaso","Burkinafaso2009",19,0.18072269451978,0.193996238616987,0.0907699427085561,0.082268770242017,-0.00703188764449343,-0.00454799306323803,1.56673237949902,15,0.209779717117577,0.237872973261282,0.137262752473719,0.268845110650069,0.00799842466557027,0.0154758177337629,0.857298527715141,11,0.113720339671824,0.0522582026101197,0.156122067021448,0.141666666666667,-0.00976290743521256,-0.0316968921853373,1.00676610797669,6,"2009","Sub-Saharan Africa","Burkina Faso","Low income"
"Burundi","Burundi2014",11,0.373364775544354,0.350204773753693,0.196154802855205,0.305178095798419,0.0247708557234173,0.0261549016146556,0.612625901883559,40,0.42512503178007,0.469620917746135,0.208565181037734,0.288888888888889,-0.00316109271723551,0.000926758643242881,0.729009432668598,3,0.343804978059828,0.246628139222696,0.28827977898696,0.505741513430685,-0.165442414843623,-0.142380289314253,4.73548567299011,0,"2014","Sub-Saharan Africa","Burundi","Low income"
"Cameroon","Cameroon2009",28,0.238354030353002,0.219882316447236,0.152725162186917,0.308888888888889,0.00769834506226256,0.00336848855975375,0.475738112644541,22,0.20347770032591,0.137731431984643,0.206866442756829,0.337726098191215,0.0331438512826898,0.0247941276614195,0.645317299907688,27,0.213711182070939,0.160602475461937,0.189441152261656,0.326230509589733,-0.0198471946557717,-0.0270365484808349,1.10776495294922,6,"2009","Sub-Saharan Africa","Cameroon","Lower middle income"
"Chile","Chile2010",199,0.380227317102267,0.4,0.189223258444191,0.276264583522297,0.00259326615673446,-0.00683279008931687,1.2,268,0.437027938853134,0.472198929508254,0.20431877697361,0.31060606060606,0.0066824801086336,-0.00488776345680186,0.871929406540465,175,0.415234122717689,0.445416935743942,0.223512805528982,0.3125,-0.0111683974379346,0.00175001293137304,1.19591371762327,0,"2010","Latin America and Caribbean","Chile","High income"
"China","China2012",210,0.385313121569517,0.349440258325399,0.197080994015348,0.303030303030304,0.00229295209781388,0.000590460512006947,1,675,0.395261460275939,0.4,0.211605375653322,0.25,0.000432355433915596,-0.00345761952248207,1.14950669153117,661,0.349213863807715,0.333333333333333,0.208612294083487,0.325,-0.00410777506515686,-0.00796727411651375,1,14,"2012","East Asia and Pacific","China","Upper middle income"
"Colombia","Colombia2010",231,0.398616964236654,0.39692440968148,0.205534032301864,0.335390946502057,0.0194393271629192,0.000132829300344473,0.520589441920354,231,0.437168597082868,0.463258390850799,0.205276152283473,0.379263822823503,0.0178465880364563,0.00340047871895818,0.85,163,0.295349296041997,0.200616799960276,0.210371985976397,0.2,-0.00625080215213711,0.00484563313317401,1.36406864463761,1,"2010","Latin America and Caribbean","Colombia","Upper middle income"
"Costarica","Costarica2010",87,0.483895848788819,0.5,0.316478903547296,0.326390293225481,0.0208091895753438,0.00749424357791222,0.671260216937101,89,0.430527907024486,0.4,0.201065989764011,0.284239677744209,-0.00401986347847533,-0.00682028614835147,0.853120383049112,50,0.456650114483729,0.443560178384191,0.229896932076853,0.317005347593583,-0.0550039183885053,-0.0546582369405539,1.04175551363123,2,"2010","Latin America and Caribbean","Costa Rica","Upper middle income"
"Cotedivoire","Cotedivoire2009",73,0.194698418368697,0.148076234129855,0.146226936886703,0.21548051948052,-0.00185168998923459,0.00778591556887946,0.86757264703472,29,0.0980747584126885,0.05,0.134935624847716,0.0495475113122172,0.011686167155403,-0.00389712386157868,0.79502737448828,14,0.254379750438607,0.139877983836262,0.287075649701394,0.60891156462585,-0.149269120646068,-0.11562244416239,0.994726807932884,34,"2009","Sub-Saharan Africa","Cote d'Ivoire","Lower middle income"
"Croatia","Croatia2013",49,0.386286817846419,0.36633287081487,0.190167994316348,0.257389508951407,0.00243766109737258,0.00128862388549638,0.872349331492028,30,0.422986364104748,0.428571428571429,0.181591564358085,0.314357026864002,-0.00114808523218144,-0.0025204715673341,0.851587076697437,16,0.405376914083118,0.475701271160334,0.21695511454542,0.378947368421053,0.0267605843435042,0.00204017313261812,1.28939749894685,1,"2013","Europe and Central Asia","Croatia","High income"
"Czech","Czech2013",26,0.311336868061992,0.222129657580118,0.249030977953176,0.362698412698413,0.0125146466202079,0.0164224069143266,0.91297299433579,22,0.46981370805696,0.492575478322523,0.257280360061953,0.401190048730444,-0.053782202962255,-0.0558145952795837,1.87151130752234,9,0.34695512606526,0.27891149370406,0.251048674003687,0.495731324544884,0.000316915344307819,0.0158752985914027,0.911350282073894,2,"2013","Europe and Central Asia","Czech Republic","High income"
"Djibouti","Djibouti2013",7,0.276826910853206,0.31492329879776,0.102855357147745,0.17499416969697,-0.0305354627194858,-0.0285635410246758,1.61841238471673,3,0.203024085953249,0.184398636007375,0.0892795431419384,0.181253529079616,0.00744370752943213,0.00677569399585921,0.995771757440694,NA,NA,NA,NA,NA,NA,NA,NA,0,"2013","Middle East and North Africa","Djibouti","Lower middle income"
"Dominica","Dominica2010",13,0.437919939645641,0.434285714285714,0.0536580333895514,0.0666187652149667,-0.00249432922080774,-0.00249432922080774,1,8,0.537040355474742,0.562778884462151,0.0861079590216231,0.105761904761905,0.00327632204184531,0.00343220960603252,0.692,2,0.492426007284846,0.492426007284846,0.0340116371440111,0.0480997185275731,0.00103354767084041,0.00106705860214753,0.949019607843137,1,"2010","Latin America and Caribbean","Dominica","Upper middle income"
"Dominicanrepublic","Dominicanrepublic2010",24,0.392976744476814,0.390092876223304,0.108181139499201,0.102279016458796,-0.00563185365969996,0.0006405190463043,1.75078720957005,45,0.420137613344973,0.410852468050589,0.166141572292679,0.28675930116959,-0.00092181523139991,-0.00966129587540105,0.782402023950707,44,0.504763487207972,0.510593841078595,0.161892592650055,0.219047619047619,-0.00322625567404686,0.00707306040684282,0.588965837249801,0,"2010","Latin America and Caribbean","Dominican Republic","Upper middle income"
"Drc","Drc2013",141,0.187987091901616,0.170336428575001,0.126003821508722,0.1937441643324,0.000374869746380906,-0.000668808950995793,1.09881382162444,43,0.149282657339052,0.0791673836925992,0.137004477632998,0.254367494127918,-0.00686602177390263,-0.00814784368068781,0.910677207748859,11,0.208151836963233,0.143963165908055,0.173543518240675,0.3,-0.0329777459006999,-0.0403738711230416,0.675604520785148,5,"2013","Sub-Saharan Africa","Congo, Dem. Rep.","Low income"
"Ecuador","Ecuador2010",32,0.419127027691982,0.478074561141069,0.211212732475945,0.225291828793774,-0.0152658865354465,-0.0100732596761535,1.5,35,0.384325598735187,0.411176253109813,0.20590246825333,0.274937552397963,-0.00603839675653064,-0.00540476610865536,1.71115336059005,33,0.492760155722936,0.550607094780691,0.251076825772979,0.475331833403098,-0.140673323858601,-0.0803665924599486,2.18315541016049,0,"2010","Latin America and Caribbean","Ecuador","Upper middle income"
"Egypt","Egypt2013",582,0.436542531329712,0.428571428571429,0.268146345868795,0.377777777777778,-0.000318221956165945,0.00542093115977724,0.9,613,0.4310611403666,0.4,0.235644885563503,0.276923076923077,0.0190960146938759,0.0084444131914673,1.24145355448525,360,0.521485096821909,0.5,0.250348647273225,0.339285714285714,-0.0333055725363542,-0.00629984700154976,1,35,"2013","Middle East and North Africa","Egypt, Arab Rep.","Lower middle income"
"Elsalvador","Elsalvador2010",27,0.501846858004934,0.519943933246545,0.267082361805104,0.292295695443292,-0.0285890630748958,-0.00418876251998586,NA,31,0.392263953150323,0.411896324164461,0.224660813387568,0.378828416190344,0.00293253182594068,0.0103148944841468,0.680860707051849,38,0.508230355732636,0.544505060431732,0.218366747723236,0.179304530071329,-0.0555505360490236,-0.0314325812664286,1.02452031974432,2,"2010","Latin America and Caribbean","El Salvador","Lower middle income"
"Estonia","Estonia2013",31,0.363698538332427,0.325709603692373,0.237146217897502,0.351537672823396,0.0200602827551355,0.0137035770432177,0.845634837857777,19,0.279545156333401,0.333077386557765,0.195577927611574,0.352503414152697,0.00415288905626959,-0.0176429331220389,0.454341831159366,13,0.61466061168429,0.641682188334003,0.532514470692518,0.734223232323232,0.0767695707208696,0.0232935497863074,0.850870174253916,0,"2013","Europe and Central Asia","Estonia","High income"
"Ethiopia","Ethiopia2011",51,0.276779227176581,0.25,0.205140446412904,0.236517674554484,-0.00938016327407241,-0.0120473395080541,1.375,39,0.51587716106321,0.430413166994061,0.443879378984834,0.579535233188429,0.0150776158043171,0.0150925256067542,1.02272727272727,34,0.55296979283267,0.521616998871906,0.506596678685319,0.624587487790872,-0.173873372977602,-0.165845437386317,1.18909024915092,19,"2011","Sub-Saharan Africa","Ethiopia","Low income"
"Fyrom","Fyrom2013",57,0.403645626297678,0.405573579740406,0.240344470444708,0.310897435897436,0.0259229656163794,0.0163238286256931,1.23035329579761,31,0.300545544867613,0.322117461658153,0.251703268743535,0.446666666666667,-0.001179893369203,0.00715500906783565,1.5535083806478,10,0.496936897041128,0.534426201046397,0.278971965456983,0.380106988772168,0.00741745625956751,-0.0028278676524481,1.00801885019848,7,"2013","Europe and Central Asia","Macedonia, FYR","Upper middle income"
"Georgia","Georgia2013",33,0.489009331999591,0.453448416552983,0.244505894846734,0.337396956878858,0.0390166581520551,0.0458469078448348,0.807548121999513,24,0.504250329080941,0.548723339579581,0.206482000291956,0.242328452314192,-0.0322949458703304,-0.0339217225884022,1.55625551952988,10,0.593905576688428,0.499058141758834,0.328184048115653,0.550561797752809,-0.0765356793197337,-0.0868132136098103,0.666492838328005,2,"2013","Europe and Central Asia","Georgia","Lower middle income"
"Ghana","Ghana2013",166,0.316553331895927,0.3,0.22811455771502,0.43,0.00751106771840219,0.00413041607595299,1.16536315530737,52,0.267500468703303,0.199487110225857,0.240597520196064,0.367695064791839,0.000953596743864985,-0.00394777676964884,0.868632170703202,26,0.323163236150418,0.294749457180769,0.26400725585029,0.493663602220009,-0.0257826714296469,-0.010785907271821,0.699800368904047,0,"2013","Sub-Saharan Africa","Ghana","Lower middle income"
"Grenada","Grenada2010",12,0.443618766094314,0.447581975403934,0.261704670583625,0.250100434758859,0.0254475821587152,0.0253387279979098,1.07142857142857,8,0.461534522432496,0.442893800602902,0.313645377379227,0.290132561230207,0.0615762660823025,0.0615762660823025,0.377906976744186,2,0.417662892931962,0.417662892931962,0.399284965976804,0.564674214136076,-0.0123733393535793,-0.0123733393535793,1.04583333333333,0,"2010","Latin America and Caribbean","Grenada","Upper middle income"
"Guatemala","Guatemala2010",85,0.332587611239723,0.303748773247379,0.194487057954313,0.271666666666667,0.0109186766586113,-0.00245989505917813,0.777777777777778,67,0.419289610153432,0.411979731949117,0.182537343155846,0.187100563581188,0.0388394355159131,0.0233791019377766,0.292466969604203,76,0.39743996186996,0.428092549589639,0.204319756120714,0.25,0.00916647667257547,0.000588887798766648,1.0769123408881,5,"2010","Latin America and Caribbean","Guatemala","Lower middle income"
"Guyana","Guyana2010",11,0.507406172311831,0.485167572668364,0.137752523222466,0.257448325942063,-0.00385685446795332,-0.00409859169748507,1.05263157894737,32,0.438198318870477,0.436463864596805,0.238168067194925,0.338235294117647,0.0108775023464667,0.0132278295021327,0.77853390409758,19,0.437842289040203,0.402354324332896,0.19735317594464,0.281865935839678,-0.0989248565929872,-0.0925270160027747,0.870367186769035,0,"2010","Latin America and Caribbean","Guyana","Lower middle income"
"Honduras","Honduras2010",48,0.382019403253526,0.25559807253074,0.277099943124556,0.346153846153846,0.0272561458386435,0.0217932673768064,1,34,0.219144027386048,0.303557569246353,0.224249763351084,0.314640797692743,0.0503935572982408,-0.00526583521935437,1.44412652239508,4,0.25,0.25,0,0,0,0,1,22,"2010","Latin America and Caribbean","Honduras","Lower middle income"
"Hungary","Hungary2013",19,0.254967060369182,0.166666666666667,0.26011053122364,0.42,-0.0362841065298122,-0.0398279531520039,1,9,0.535820931193532,0.628174378430787,0.271149609172171,0.270454545454545,0.0328144639057235,0.0512467068115486,0.80214466169528,9,0.23373549123292,0.0458388814128248,0.309313383391708,0.228571428571429,-0.0548607409117587,-0.0627563144649579,1.01588975808903,2,"2013","Europe and Central Asia","Hungary","High income"
"India","India2014",2088,0.533243861037046,0.571428571428571,0.189102705823656,0.234428571428572,0.00403780585935239,0.00429314984647943,1.09090909090909,2978,0.541651811235926,0.566203742611897,0.180315977244486,0.200512820512821,0.00716891039698823,0.0048763863494012,0.875,1587,0.582303315798858,0.62,0.189764026968665,0.2,-0.00910342962706048,-0.0158619639898473,1.06706286991509,62,"2014","South Asia","India","Lower middle income"
"Indonesia","Indonesia2009",466,0.361942849501444,0.333333333333333,0.230807616309536,0.308571428571429,0.0176519909357989,0.0173396285437914,0.857142857142857,220,0.394986212745118,0.416710423612159,0.245726123696942,0.344455380577427,0.0110428207040786,0.014033045810701,0.9022156607574,180,0.468267359023975,0.474875261893933,0.256085312441328,0.344696969696969,-0.247303464108666,-0.0502092211631474,1.97966447458085,26,"2009","East Asia and Pacific","Indonesia","Lower middle income"
"Iraq","Iraq2011",360,0.198703034623175,0.16443338945027,0.179553291955125,0.217171717171717,-0.0081933053561487,-0.018979008725927,1.33333333333333,93,0.112732059863906,0.0666666666666667,0.097681049366238,0.126666666666667,0.00514198653150893,0.00632762549873362,0.886199415619422,5,0.351478899244879,0.377317321527288,0.0692461280916589,0.0889486820014524,-0.0122413000747373,-0.00913760680106519,1.08240443279464,13,"2011","Middle East and North Africa","Iraq","Upper middle income"
"Israel","Israel2013",59,0.389088568745706,0.36285435679167,0.147043160943488,0.136363636363637,0.00493982253861587,0.00553492924782637,1,57,0.387811195909066,0.419005936559846,0.170354606621572,0.1875,-0.000116517546683011,-0.0214518200816964,0.75,29,0.357082348965799,0.4,0.209402136819137,0.325,0.0604865116160184,0.0242303118592288,0.448664632159152,1,"2013","Middle East and North Africa","Israel","High income"
"Jamaica","Jamaica2010",42,0.424885722751344,0.42226771151214,0.0662691737547579,0.066666666666667,-0.00722856971570343,-0.0039806387326394,1.61737434783942,41,0.486851869491065,0.467356861598112,0.109759768776779,0.133333333333333,0.00307333896230512,-0.00190328383902353,1.4,26,0.507918245546011,0.531603850366183,0.146862554039653,0.127550390702054,0.00379165257497274,-0.00521952838096838,0.833333333333333,0,"2010","Latin America and Caribbean","Jamaica","Upper middle income"
"Jordan","Jordan2013",89,0.352758522173434,0.3,0.210706700109088,0.247807017543859,0.0124634451418113,0.0196980682402146,0.964144235396894,77,0.312632253209405,0.333333333333333,0.210583087604907,0.35,0.0131020425275155,0.0190076878711262,0.667677089980855,84,0.296757813825831,0.24,0.211605852759324,0.366666666666667,-0.0230474094419787,-0.00761811025550794,1.89887517055171,2,"2013","Middle East and North Africa","Jordan","Upper middle income"
"Kazakhstan","Kazakhstan2013",38,0.401068619010821,0.376842119952944,0.17924438773217,0.263912310286678,-0.00382145388932537,-0.00467866295966987,1.06612045029082,48,0.502016379985655,0.503570194992076,0.193563966275565,0.231991828571429,-0.00799464958684938,-0.00990218664640576,0.98769179056978,23,0.517709818368945,0.473329115343273,0.160776034430715,0.201804368471035,0.0259682060057976,0.022975410019493,1.10214585554743,0,"2013","Europe and Central Asia","Kazakhstan","Upper middle income"
"Kenya","Kenya2013",88,0.202274928745242,0.0934714482913949,0.229393717475462,0.322857142857143,0.0141361343030289,0.0115363037645034,0.941725820751786,119,0.258013014625952,0.25,0.191818323919533,0.319672131147541,-0.0137987301189985,-0.0133702251217078,0.909663055813074,82,0.200046075736481,0.0998773825559694,0.201197562948322,0.281176470588235,-0.0541315302699562,-0.0423096205386478,0.851786504426485,3,"2013","Sub-Saharan Africa","Kenya","Lower middle income"
"Kosovo","Kosovo2013",21,0.367708278835852,0.361193094541408,0.243391106155049,0.3,0.017123143331374,0.00429865565234358,0.590435539185087,19,0.39518568374939,0.366740586917066,0.159342781417879,0.11989476702509,-0.00424304260944151,-0.0173223886392903,0.864585522055472,4,0.255422101263696,0.227464318010598,0.0883934572158935,0.0576923076923077,0.0285889098202143,0.0330261248185777,0.461538461538462,2,"2013","Europe and Central Asia","Kosovo","Lower middle income"
"Kyrgyzstan","Kyrgyzstan2013",20,0.561400477687963,0.532812710149878,0.168941142667277,0.185184340675699,0.00326330124034247,0.0125998684215172,1.00494412058882,24,0.42299978278258,0.372113248620652,0.241736833920406,0.4375,-0.0208107035207062,-0.0279205408853577,0.687089432013634,12,0.545752866474245,0.523089141298347,0.178844800570084,0.328748298429405,-0.0539528434231174,-0.0686999859100348,1.24393165715028,0,"2013","Europe and Central Asia","Kyrgyz Republic","Lower middle income"
"Laos","Laos2012",25,0.409639275955862,0.3,0.427759539798591,0.314814814814814,-0.0594578392045748,-0.0413784301278348,1.4,24,0.43460901067531,0.219160038525739,0.564558496298729,0.438388278388278,-0.026557267836958,0.00433582024533413,1.47912782639273,14,0.421376773737825,0.333925329560373,0.404476092896657,0.743722943722944,0.133056322818618,0.123764574890605,0.70760493302521,11,"2012","East Asia and Pacific","Lao PDR","Lower middle income"
"Latvia","Latvia2013",17,0.60966452188057,0.680810140217893,0.213846816286005,0.29472,-0.0186340194368639,0.049060134553712,0.959671941249056,15,0.449059094082272,0.483451749930134,0.234363725106745,0.251543624161074,-0.0182805156725735,-0.0182016302048167,1.28251082578609,6,0.493942205975745,0.516757410512147,0.172123309954215,0.196428571428571,-0.000119774221281196,0.00870737730640521,0.628571428571429,0,"2013","Europe and Central Asia","Latvia","High income"
"Lebanon","Lebanon2013",60,0.357690690400097,0.342288821084985,0.177805438268944,0.15653953889248,0.0127280612342769,0.0156925952493956,0.841776125742528,69,0.32889029515758,0.338531076800537,0.200695090825507,0.30952380952381,0.00115260211031369,-0.00516450927328947,1.2,31,0.368846146390849,0.287766938681621,0.240692004947266,0.392592592592593,0.0913960249619561,0.0594131131915858,0.889359458725593,1,"2013","Middle East and North Africa","Lebanon","Upper middle income"
"Lithuania","Lithuania2013",26,0.397465696392287,0.265798176714989,0.309259757130531,0.669481353111627,-0.0979194768268987,-0.0397662751007453,1.42172887543543,18,0.3563365238459,0.420468655180542,0.244209107102041,0.425,-0.097360214295888,-0.0550176288209593,0.955300141240896,12,0.484076261029579,0.487391768269551,0.232179883815809,0.375,0.0836634472051729,0.0716903965326746,1.27573004678717,2,"2013","Europe and Central Asia","Lithuania","High income"
"Madagascar","Madagascar2013",101,0.30991103099012,0.25,0.233570219960185,0.292941176470588,0.00744038724118002,0.00154452033937945,0.807033982708246,35,0.236746010762844,0.0779602950519669,0.357662638126251,0.188566243194192,0.00961248848241266,0.00356233028142908,0.939343410018545,35,0.367217242064263,0.387927274286265,0.243549587069974,0.306042884990254,-0.0336871785330183,-0.0316077264099547,0.480638402663308,24,"2013","Sub-Saharan Africa","Madagascar","Low income"
"Malawi","Malawi2014",17,0.23888271790199,0.107602015502185,0.261014655577177,0.339,-0.0067644159449191,0.00375420365120951,1.07142857142857,15,0.332514422954106,0.288335180909029,0.198711660369552,0.1858696,0.0373946367045684,0.0365352264940865,0.601930095612268,6,0.417127739610478,0.488381020379323,0.3970260200437,0.589575757575758,-0.227470970935604,-0.163224930551239,1.81280348341977,3,"2014","Sub-Saharan Africa","Malawi","Low income"
"Mali","Mali2010",25,0.140841294764574,0.0638614492926201,0.154589386965341,0.277272727272727,-0.0187543156831077,-0.0236359610358354,1.19150092968092,11,0.157578277106681,0.0910192900633973,0.165115555787748,0.31729055258467,0.014421676375759,-0.00158214062052324,0.791217934988638,2,0.180640580066515,0.180640580066515,0.209058139537575,0.295652856258525,0.133499499327336,0.129781887606442,0.517110282270922,0,"2010","Sub-Saharan Africa","Mali","Low income"
"Mauritania","Mauritania2014",4,0.254470760962586,0.289966701697148,0.237245708812877,0.465972222222222,0.0155000692293171,0.0117225225839756,0.98819902377664,16,0.431265660055196,0.482612627713085,0.309103252787608,0.632611309173586,0.0439076366092407,0.0312198142040884,0.934382131912376,11,0.363512079527224,0.388937330612372,0.257172931972592,0.522508849332329,-0.0369692847703397,-0.0329135272663984,1.23033100702015,1,"2014","Sub-Saharan Africa","Mauritania","Lower middle income"
"Mauritius","Mauritius2009",48,0.262310009294549,0.157180824345258,0.197808094375401,0.25,0.0557133789282942,0.00450162276300757,0.393520768105286,50,0.374432524631745,0.412427656394387,0.24944772090009,0.34180790960452,0.00927338104946956,0.0122347314386947,0.976840776395674,20,0.463836800316579,0.375751093662494,0.346586640954093,0.366666666666667,0.0397578271996176,0.00493329434810284,0.498387138811948,17,"2009","Sub-Saharan Africa","Mauritius","Upper middle income"
"Mexico","Mexico2010",362,0.384684745909755,0.405549756989426,0.171524485980575,0.227272727272727,0.0124920619855748,0.00975343503172162,0.872204742520217,342,0.373806915916168,0.360080496449424,0.225143973998163,0.3,0.0316982476942101,0.0175869831176591,0.554267940466665,335,0.45683636799802,0.484206197101841,0.209069286405842,0.289074709562109,0.040776135839643,-0.0144434764440495,0.927908411281688,45,"2010","Latin America and Caribbean","Mexico","Upper middle income"
"Moldova","Moldova2013",24,0.409293453727695,0.457826915949229,0.212543983594071,0.321421781944027,-0.00187255445568306,-0.00108466994063628,0.959480358799876,23,0.388264972934462,0.411741805249696,0.196893774158788,0.258887263380863,-0.00807222271293584,-0.0109413480649741,1.32045259116986,4,0.0341045491343065,0.042893476404879,0.0414300236774216,0.0614634146341463,0.027659602327589,0.013457178608263,0.0968104093509834,14,"2013","Europe and Central Asia","Moldova","Lower middle income"
"Mongolia","Mongolia2013",45,0.373539320291438,0.377583301202894,0.216693769182277,0.295549581839904,0.0394043282145361,0.024269073841187,0.82498837351728,36,0.404233654176779,0.416403285492432,0.220769358205394,0.187539482146949,-0.00384411249074967,0.000544385565510079,1.3797631789286,9,0.216852134471506,0.125044877012959,0.172850810427155,0.275869565217391,0.0497562735638047,0.0264981827338731,0.814673623812294,0,"2013","East Asia and Pacific","Mongolia","Upper middle income"
"Montenegro","Montenegro2013",17,0.365388944135715,0.392113668908124,0.194428928304599,0.224561403508772,-0.0443552053358595,-0.0457364960063166,0.942405726343599,3,0.523107820009343,0.516766466387538,0.0292279235772494,0.0454545454545455,-0.00345046548244359,-0.00356387798248263,1.13920871420289,1,0.657534246575342,0.657534246575342,Inf,0,0,0,1,1,"2013","Europe and Central Asia","Montenegro","Upper middle income"
"Morocco","Morocco2013",25,0.273172200348885,0.333333333333333,0.233642011982598,0.352439024390244,0.00625249049003128,0.00465314897101773,2.15277476918989,47,0.401156139118968,0.418113612540406,0.289168768165449,0.546666666666667,0.0197507734131818,0.00457853521579525,1.34581297968605,55,0.307928603696121,0.235545226568057,0.247428937219907,0.382846057068742,-0.0868397243923176,-0.081492487081044,0.595910932415727,3,"2013","Middle East and North Africa","Morocco","Lower middle income"
"Myanmar","Myanmar2014",135,0.308867092992746,0.277777777777778,0.197984369985275,0.26890756302521,0.00183811504402404,0.00681653216086596,0.875,63,0.325580470338088,0.353320706831943,0.206592049041398,0.375,-0.0202260661014302,-0.0133198645672851,1.18960070254509,39,0.26566917664937,0.222692918170642,0.234087123945816,0.347701149425288,-0.0954236485391279,-0.0932056028457891,0.793196620755751,29,"2014","East Asia and Pacific","Myanmar","Lower middle income"
"Namibia","Namibia2014",29,0.511062530095938,0.208900732775525,0.689465941465887,0.61,-0.0560165559203856,-0.0525435100031936,2.36268864730856,19,0.456565686416357,0.5,0.419659902351087,0.515040476685129,-0.00566436161825578,-0.0105439547149227,0.581534725544509,4,0.285329388413715,0.302470390553492,0.284500226131928,0.538461537128205,-0.161572294695407,-0.155530617923117,1.21429412775269,2,"2014","Sub-Saharan Africa","Namibia","Upper middle income"
"Nepal","Nepal2013",97,0.476430001517529,0.48,0.192872189852044,0.222222222222223,0.00138812748108608,0.00735965119017621,0.941169693412731,100,0.481115760468241,0.5,0.190929111667283,0.235449735449736,0.0174708778051133,0.00228430321751896,0.357142857142857,41,0.437026620207058,0.444910299269481,0.18219795629364,0.275555555555555,0.0577719060052456,0.0592553899789007,0.316190990393474,1,"2013","South Asia","Nepal","Low income"
"Nicaragua","Nicaragua2010",44,0.274937992999773,0.256760209971692,0.222167725266265,0.351851851851852,-0.0229380627868512,-0.00901015402199007,1.03880938342925,38,0.4336944469066,0.4925890903013,0.180939670005405,0.216981132075472,0.0223314587521916,0.023401091850224,1.16949893020043,18,0.407436751692152,0.406704151742033,0.283046791445122,0.453787878787879,0.00700035147161067,-0.0210518228854227,1.75586863150163,0,"2010","Latin America and Caribbean","Nicaragua","Lower middle income"
"Nigeria","Nigeria2014",401,0.320122254941339,0.25,0.293496310240909,0.425,-0.0141267378988104,-0.0119109097767517,1.5,134,0.215434873841324,0.133333333333333,0.244705941263239,0.3,0.0278281200619804,-0.0220262241639063,0.86263446150489,47,0.164119169119169,0.140597037359047,0.190780393668053,0.228018561484919,0.215344879932149,0.189200442671599,1.0170148950223,41,"2014","Sub-Saharan Africa","Nigeria","Lower middle income"
"Pakistan","Pakistan2013",146,0.211905567272165,0.143884328451029,0.220769968086242,0.25,-0.0111099600921355,-0.00575355712909266,0.8,113,0.239760186975354,0.12632182488044,0.281564605940422,0.268017764102811,0.0127761870223898,0.0234647539059212,0.849771769597678,61,0.338066607654338,0.220044106983989,0.440397197826565,0.428953771289538,-0.19554798989636,-0.102793722277131,1.81722989538599,14,"2013","South Asia","Pakistan","Lower middle income"
"Panama","Panama2010",18,0.245829059262006,0.180893282390583,0.175402031552655,0.2,-0.00103454076838069,-0.0162678043383735,0.923367262005809,17,0.119964954368583,0.084196379567365,0.138032428275915,0.215995219451929,0.015896062784071,0.0117769419846792,0.619551721136682,8,0.0685633914232494,0.0849136576744094,0.0643491093782391,0.094,0.0112995674333665,0.00819368425783661,0.805970149253731,1,"2010","Latin America and Caribbean","Panama","Upper middle income"
"Paraguay","Paraguay2010",23,0.38356413255579,0.35,0.177249605848426,0.25,0.0289020417093642,0.0106564248244802,0.903812034305299,38,0.362420737115166,0.318226916517418,0.192309841751507,0.274127820880105,0.00309389904897877,0.00321439827774903,0.952622724234451,30,0.346841898808181,0.332872659826921,0.210386926226701,0.216931216931217,-0.0303778737689127,0.0029751771883162,1.02360801948472,0,"2010","Latin America and Caribbean","Paraguay","Upper middle income"
"Peru","Peru2010",184,0.392729558429761,0.416666666666667,0.200652191721687,0.25,-0.00477349137213692,-0.0010620540419082,0.833333333333333,235,0.471178749431309,0.442430918297296,0.186596699739585,0.253846153846154,0.0006796618599694,-0.00163838821492368,1.16666666666667,192,0.400320807736697,0.4,0.188714887313119,0.300959242811037,0.0231416071457965,0.00274664588911634,1.3,1,"2010","Latin America and Caribbean","Peru","Upper middle income"
"Philippines","Philippines2009",187,0.375564657775484,0.333333333333333,0.281147441127656,0.437009337210967,0.00697352127835113,0.0105689055362656,0.812223367115835,323,0.523225992810121,0.501866056109418,0.29228251157234,0.436481188998247,0.0187135821985129,0.00950493240763396,1.33333333333333,194,0.463648834059004,0.48,0.27724444117364,0.392441860465116,-0.0413052825979807,-0.067143455389968,0.989453491034338,29,"2009","East Asia and Pacific","Philippines","Lower middle income"
"Poland","Poland2013",25,0.347812709249852,0.245569260806037,0.285714229325743,0.312820512820513,-0.00419863621361701,-0.0184702614371046,1.00658218242862,15,0.508892168843713,0.355265246862205,0.548366472927779,0.44047619047619,0.0546105313944666,0.0552654784677435,0.531978210287387,3,1.89868128056015,1.44768339931101,1.95313644462268,3.0962962962963,0.394986427155748,0.425508458153391,0.713282512092354,3,"2013","Europe and Central Asia","Poland","High income"
"Romania","Romania2013",48,0.29233771008682,0.194837263279475,0.264094471449701,0.373015873015873,-0.00965637178901727,-0.00549701437764159,1.65962173836039,46,0.377013278781415,0.376025035701305,0.25946644688367,0.351485520165436,-0.0345027617293113,-0.0228629099056608,1.23324100507267,34,0.398956064763683,0.254158882699519,0.346656244580711,0.363725279473275,0.0454102789088114,0.0343180236372659,0.94267992432128,6,"2013","Europe and Central Asia","Romania","Upper middle income"
"Russia","Russia2012",267,0.449810929950771,0.467895515936997,0.273540147581555,0.5,-0.0207826206114505,-0.00323149470945203,1,283,0.41609953106033,0.4,0.216007467473668,0.28858730394868,-0.00192252003240283,0.00427975501561835,1.15273046619367,139,0.380922620964435,0.296542366180032,0.215773711957214,0.246536796536797,0.0538152823729821,0.0384469386984136,0.720590338803656,6,"2012","Europe and Central Asia","Russian Federation","High income"
"Senegal","Senegal2014",103,0.297352114454012,0.307162670115558,0.208016226143824,0.379861111111111,0.0214498446717716,0.00807385031285517,1,44,0.379450225403724,0.342084987815151,0.236390101341986,0.374245472837022,0.0182337323112434,0.0112959278385023,0.547044271671404,15,0.424908614244657,0.408986852125164,0.299377112889669,0.58260516155253,0.0210514537037362,0.0314573468060324,0.940632205503503,0,"2014","Sub-Saharan Africa","Senegal","Lower middle income"
"Serbia","Serbia2013",46,0.385171007747833,0.38027757430267,0.21477045574842,0.33070263620235,-0.00528834436706717,-0.0145875498073512,0.689142093817387,28,0.290097904768298,0.287327045963392,0.206365850033237,0.441543030175488,-0.0140471836566905,-0.00456578408322592,0.98831089017838,12,0.554401778805349,0.574110483415832,0.133450987236879,0.223541682571013,-0.0306993458392649,-0.0256554214500957,0.940564832724941,3,"2013","Europe and Central Asia","Serbia","Upper middle income"
"Slovakia","Slovakia2013",14,0.0337368318618437,0.0192858830299938,0.0381857340295405,0.025175355450237,0.00069139166298635,0.0013058694718364,1,13,0.0168241701002902,0.0105743593898926,0.0184453257475912,0.0116066272953701,-0.0029474790012472,-0.000682426533980581,1.40344068415848,8,0.0189291886492398,0.0115646536550883,0.017914045339737,0.0246515600029064,0.00744127451389451,0.0104387185343198,0.258378512600039,5,"2013","Europe and Central Asia","Slovak Republic","High income"
"Slovenia","Slovenia2013",34,0.416275014381277,0.47591854590937,0.15075848306893,0.23375186964286,0.0087283809860887,0.00405938604992327,0.84114397975269,16,0.243091065189531,0.274667228636573,0.194106280274552,0.413721666666667,-0.0249002762079956,0.00240324560547224,1.35229223059889,14,0.395043008853932,0.454774692222194,0.260172371375802,0.564696775,0.0495712739209912,0.0461956890219829,0.419298834131921,4,"2013","Europe and Central Asia","Slovenia","High income"
"Southsudan","Southsudan2014",57,0.220085473269027,0.195893870128526,0.179937006168543,0.213942307692308,-0.00835730318737817,-0.00876977951315703,1.42857142857143,11,0.139187270853409,0.125206676721573,0.118218057582019,0.112,-0.0103822005654934,-0.0115820643117743,1.1701591697093,2,0.0687378555025614,0.0687378555025614,0.0876545104571029,0.123962197491609,-0.0170129497162003,-0.0170129497162003,1.37833333333333,5,"2014","Sub-Saharan Africa","South Sudan","Low income"
"SriLanka","SriLanka2011",166,0.4021726792525,0.4,0.245635457470313,0.355555555555556,0.00152774147005478,0.00324274823443848,0.945116496747993,87,0.365527570716939,0.416690470078525,0.233506799429456,0.360022598870057,-0.0034602598565108,0.0101740384858505,1.07261854935878,58,0.353002326527055,0.271168728884694,0.249457545725033,0.354761904761904,0.0102656914035283,-0.0491653575897834,0.258828549972693,0,"2011","South Asia","Sri Lanka","Lower middle income"
"Stkittsandnevis","Stkittsandnevis2010",12,0.494970086051641,0.5,0.0666071829058837,0.11,0.0216949776188368,0.0224298298689725,0.392857142857143,7,0.443820871500462,0.44714635706627,0.17504757889123,0.2,0.0382434967624283,0.0362929216630472,NA,5,0.422049058206011,0.41958041958042,0.0566130265609513,0.0444444444444444,0.00192175670363436,0.00192175670363436,1,0,"2010","Latin America and Caribbean","St. Kitts and Nevis","High income"
"Stlucia","Stlucia2010",39,0.457737926942087,0.458333333333333,0.0942257660932623,0.1,0.00338853044775985,0.00338853044775985,0.8,19,0.53887019246468,0.558049886405062,0.112152853290688,0.145245080500894,-0.00350567830197638,-0.00123738054480194,0.892638036495741,1,0.27,0.27,NA,0,0,0,1,0,"2010","Latin America and Caribbean","St. Lucia","Upper middle income"
"Stvincentandthegrenadines","Stvincentandthegrenadines2010",29,0.341453078693356,0.327699774561544,0.117965538050248,0.129166666666667,-0.0112516461556195,-0.00880658717099791,1.20052689355131,14,0.324432287196777,0.330311355057544,0.0539569653588707,0.05588235,-0.00161826183134475,-0.00359162294042715,0.936190984454502,2,0.244158741042502,0.244158741042502,0.179126825582964,0.253323586124268,-0.0592273426578519,-0.0631952843329276,2.10417196950406,2,"2010","Latin America and Caribbean","St. Vincent and the Grenadines","Upper middle income"
"Sudan","Sudan2014",2,0.198109209842345,0.198109209842345,0.238396000514322,0.337142857142857,0.0429340001775521,0.0437037037037037,0.805766482609046,7,0.119345285317181,0.0452263178428185,0.149615227032111,0.199,-0.00633806360956472,0.00103456053927923,1.01085028667278,2,0.00405873483627496,0.00405873483627496,0.00424264068711928,0.006,-0.00133873695695429,-0.00128571428571429,1.65198295759793,4,"2014","Sub-Saharan Africa","Sudan","Lower middle income"
"Suriname","Suriname2010",36,0.403190765448398,0.4,0.0646650132095996,0.062717770034844,0.00914876520097779,0.00964123668156758,0.585421459903458,32,0.43429657277135,0.442801080987839,0.0760030136570972,0.066666666666667,0.000960099182626874,0.000960099182626873,0.984615384615384,2,0.560767590618337,0.560767590618337,0.388984114170851,0.550106609808102,0.0305614783226724,0.0305614783226724,0.9,5,"2010","Latin America and Caribbean","Suriname","Upper middle income"
"Sweden","Sweden2014",85,0.332683437962078,0.338299211125459,0.181252105340809,0.220551378446116,0.0273066229951216,0.0154859031289739,1.23545124773489,150,0.45527688984081,0.419676561647868,0.247198826612725,0.222057264050902,-0.0163515836071978,0.0117128362572846,1.08005494769503,72,0.446720390134759,0.459281021915979,0.214310443706186,0.316883116883116,-0.269232063987831,-0.196411788507606,1.31086875627017,1,"2014","Europe and Central Asia","Sweden","High income"
"Tajikistan","Tajikistan2013",32,0.39244330605177,0.309233838432739,0.276079980271584,0.504407986937555,0.00253564238562588,-0.00340229332038723,0.797979251379435,20,0.299905491195798,0.2375157395043,0.259667874511872,0.296951817406132,-0.0146466278729077,-0.0114107413824305,1.01211441884897,9,0.442291781544269,0.341104327557238,0.338788513454582,0.406406070983386,-0.127768957593598,-0.0754520548027386,1.62586412559225,2,"2013","Europe and Central Asia","Tajikistan","Lower middle income"
"Tanzania","Tanzania2013",76,0.296865384408117,0.3,0.173885914532262,0.319128787878787,-0.0125774393488939,0.00315555146053721,1.11093894238987,41,0.378259343334671,0.384047744033217,0.16380648713212,0.213095238095238,0.00198231447333459,-0.00361363561424313,0.722519392304418,31,0.420151746147011,0.421637338380104,0.191225646812202,0.300833333333333,0.0570741098702188,0.073542548064571,0.179515243199651,5,"2013","Sub-Saharan Africa","Tanzania","Low income"
"Trinidadandtobago","Trinidadandtobago2010",46,0.344723483313981,0.357704737709339,0.105532091164963,0.125,-0.0137467834129391,-0.0109569639068051,1.11111111111111,23,0.352657420653259,0.4,0.0929937948562948,0.1,0.0186397679094007,0.0219378690763312,0.532121755387756,37,0.369923205402117,0.381957299714952,0.133219039712997,0.219466332378223,-0.00587382428348041,0.00294585463791395,1.44394007765108,0,"2010","Latin America and Caribbean","Trinidad and Tobago","High income"
"Tunisia","Tunisia2013",56,0.474835267774491,0.531516893282648,0.243226644965923,0.357620320855615,-0.00651052775537279,-0.000987006091271457,0.917353113837064,119,0.472063535703086,0.468293703701607,0.232126607300209,0.333333333333334,-0.0162771136159264,-0.0142007255978518,1,97,0.413368024749464,0.423310213591259,0.258343685978161,0.417271940947378,0.0411790041574533,0.0245336497180319,1,25,"2013","Middle East and North Africa","Tunisia","Upper middle income"
"Turkey","Turkey2013",135,0.273210799775728,0.2,0.236653654654781,0.255,0.00163199406107214,0.00634952537523516,1,150,0.340283950387441,0.329119743961682,0.236355115323712,0.366666666666667,0.0172068065996583,-0.00324353789224823,0.426829268292683,102,0.31140047831338,0.307314891322288,0.256626644233917,0.495337464455647,0.0768094124831474,-0.013408733456727,0.121193571923195,13,"2013","Europe and Central Asia","Turkey","Upper middle income"
"Uganda","Uganda2013",85,0.215443318831794,0.160883610103773,0.198996837374377,0.383333333333334,-0.00225176232386952,-0.0150422066576202,1,8,0.15532318739302,0.158554647934427,0.00926515475902772,0.00981735159817354,0.00220764338654341,0.007004436430359,0.511474065931128,12,0.124376492123033,0.0583804049617837,0.144050710812303,0.165505882352941,0.0303354869092714,0.0287732527782155,0.120242233681286,52,"2013","Sub-Saharan Africa","Uganda","Low income"
"Ukraine","Ukraine2013",214,0.0590271518995075,0.0583940241536223,0.0442700843896471,0.0744665718349929,-0.000611605317079449,-0.00219412664388485,0.875137909227769,135,0.0222950929415547,0.0177576405454796,0.0180050645743612,0.0233333333333333,-0.00265037585364429,-0.000655851444698716,1.05828764264984,59,0.0327097998519514,0.0290957867638829,0.0350870263493906,0.0403331224963103,0.00245563686334961,0.00184693482866078,0.8125,29,"2013","Europe and Central Asia","Ukraine","Lower middle income"
"Uruguay","Uruguay2010",84,0.307550445912052,0.25,0.216931945524128,0.346153846153846,0.0371918971371346,0.0147114805569424,0.820551006897272,83,0.445456443907268,0.4,0.246134743024389,0.364285714285714,0.00758624235451587,0.00166330097073881,0.64244703128747,57,0.464454227059454,0.455137721983758,0.221890310582347,0.293218588640275,-0.0212944231359935,-0.034735999581269,1.24691611590694,3,"2010","Latin America and Caribbean","Uruguay","High income"
"Uzbekistan","Uzbekistan2013",30,0.492418990954679,0.489045471959865,0.215574557946703,0.240279162512463,-0.00392176611268965,0.0374450728771436,1.27364693290802,35,0.36544777151343,0.377754262609918,0.25698023511167,0.435506644518272,0.0498701395035333,-0.00263683022433255,0.856870123029144,34,0.455068680493559,0.475386733604257,0.212810327021242,0.26972631972632,0.0380149293065969,0.0316798027147585,0.818594602976679,10,"2013","Europe and Central Asia","Uzbekistan","Lower middle income"
"Venezuela","Venezuela2010",20,0.281935440936922,0.198177354112649,0.30607764382817,0.610095693056911,0.0316602848471624,-0.0116150370982881,1.00207411711105,22,0.526616060986744,0.621608088056224,0.252013186328889,0.400123621473731,0.020721715245796,0.00321140396812819,0.869141582661028,13,0.38481172725427,0.413262093729984,0.15395419622068,0.224257821428571,0.00997184236087491,0.000234943464856323,2.0654750271594,2,"2010","Latin America and Caribbean","Venezuela, RB","High income"
"Vietnam","Vietnam2009",107,0.500994156482372,0.521369470836462,0.235304076763152,0.35,-0.0151970664432641,-0.0131635144625976,1.08224837698644,276,0.54857583236168,0.583333333333333,0.310804197398812,0.442307692307692,-0.0145880763506063,0.005585586694842,1.31671302202269,287,0.512377170372697,0.530005177956346,0.239512342746233,0.322822230981474,-0.0331432741453489,-0.0355575540846988,1.05318791149546,15,"2009","East Asia and Pacific","Vietnam","Lower middle income"
"West Bank And Gaza","West Bank And Gaza2013",67,0.368943721114844,0.368254113808723,0.18248578444957,0.277777777777778,0.00758818360544982,-0.00303786331785779,0.783174462792571,39,0.438486656143093,0.49900098640884,0.205652982800172,0.365384615384615,-0.0231959367479351,0.00677500707340887,1.13485932766163,15,0.382511174842608,0.373408051424334,0.247326229494241,0.475345295238095,-0.0261413973940966,-0.0290433356401577,1.32706989470588,7,"2013","Middle East and North Africa","West Bank and Gaza","Lower middle income"
"Yemen","Yemen2013",38,0.336615937504316,0.333333333333333,0.231203201570266,0.43125,0.0162196997463683,0.0304338643503842,1,29,0.551150127562428,0.72025455863116,0.304800975077893,0.394444444444444,-0.00376208724407762,0.0167357086079765,0.920106318799886,6,0.430825498904907,0.491315451964882,0.442311733059431,0.880576134414794,-0.0102263966282503,0.0233229159972998,1.01183681951092,8,"2013","Middle East and North Africa","Yemen, Rep.","Lower middle income"
"Zambia","Zambia2013",137,0.210190691010484,0.174409604821171,0.136843829709079,0.228,-0.01323451489891,-0.00719606241402133,1.5,102,0.182602213304747,0.167544065045821,0.127462382580813,0.18,-0.00399616704238774,-0.00583736576931936,0.82609014360273,23,0.309998479380816,0.327063333674391,0.153491952268896,0.136711006258633,0.0395454547087517,0.0437816277294158,0.397000346784132,0,"2013","Sub-Saharan Africa","Zambia","Lower middle income"
