"countryOnly","country","N_Exporter","mean_Exporter","median_Exporter","sd_Exporter","iqr_Exporter","OPcov_Exporter","OPcovNoWeights_Exporter","indAlloc_Exporter","N_NonExporter","mean_NonExporter","median_NonExporter","sd_NonExporter","iqr_NonExporter","OPcov_NonExporter","OPcovNoWeights_NonExporter","indAlloc_NonExporter","outliersOut","N_NA","mean_NA","median_NA","sd_NA","iqr_NA","OPcov_NA","OPcovNoWeights_NA","indAlloc_NA","yearOnly","region","countryDes","incomeLevel"
"Afghanistan","Afghanistan2014",4,-1367.86197453406,-2662.86531701477,9043.00456234635,17433.0093772826,3804.68940144113,-1256.00779914381,2.0976006357273,19,6687.02615482714,6124.36187935051,9735.77907442824,6301.67223345192,190.431189823509,-575.691276659987,1.11819134078212,2,NA,NA,NA,NA,NA,NA,NA,NA,"2014","South Asia","Afghanistan","Low income"
"Albania","Albania2013",7,18595.3007998042,7910.09361021306,20524.3839583193,31761.9832635959,1501.21059897883,-62.5072202643887,0.612987812215344,27,22284.6057875606,9027.41270777735,29057.470137249,25367.3761740233,-3138.66567989007,-3907.25930689563,1.22332332331149,1,NA,NA,NA,NA,NA,NA,NA,NA,"2013","Europe and Central Asia","Albania","Upper middle income"
"Angola","Angola2010",8,16723.2695662551,1489.49269007798,28885.3094140054,10821.583887897,15217.8228544998,11677.9074721055,0.322594406126448,80,78594.9357011307,4595.80976177321,174487.676820154,69723.019776498,4172.36514741175,1734.3155542692,0.299876870301727,19,NA,NA,NA,NA,NA,NA,NA,NA,"2010","Sub-Saharan Africa","Angola","Upper middle income"
"Antiguaandbarbuda","Antiguaandbarbuda2010",8,44805.0673141573,37171.7382218562,26250.2091511163,46507.9365079365,18606.1797752853,19019.4818946486,1.72605047299022,23,17558.547969995,13583.392541338,9496.34684911909,14731.4814814815,2012.07829444399,2106.05737785424,1,0,NA,NA,NA,NA,NA,NA,NA,NA,"2010","Latin America and Caribbean","Antigua and Barbuda","High income"
"Argentina","Argentina2010",286,37613.3550752097,27962.0117074652,31481.9055233407,23377.7703946465,19024.7235554297,7839.7184278532,1.09399801949485,244,26908.9523132466,18661.0235680302,25773.2355453976,22953.8166360834,4067.08169035884,9541.63449372715,1.53846153846154,29,NA,NA,NA,NA,NA,NA,NA,NA,"2010","Latin America and Caribbean","Argentina","High income"
"Armenia","Armenia2013",12,4298.67139229179,3288.11681321005,3412.14728491176,4673.27737298707,673.767674791955,172.032856843015,12.0060517064758,50,10195.8961191072,6186.45137734038,11061.9575606472,11953.3806120383,1226.66189056172,8956.70889197815,1.35721311670563,2,NA,NA,NA,NA,NA,NA,NA,NA,"2013","Europe and Central Asia","Armenia","Lower middle income"
"Azerbaijan","Azerbaijan2013",2,39055.6314293715,39055.6314293715,44683.9115531158,63192.5937382962,-13964.1539303033,-14481.6360650262,0.707658536092489,44,9947.20783050205,5988.45192461933,9194.54030033302,8834.00737415736,373.860601996428,656.933282654271,0.954407095769803,2,NA,NA,NA,NA,NA,NA,NA,NA,"2013","Europe and Central Asia","Azerbaijan","Upper middle income"
"Bahamas","Bahamas2010",10,153173.473498561,42996.4444444445,208623.94678507,215350,64241.4518745731,30254.2915219776,0.458333333333333,24,44399.6927268717,20182.3333333333,42029.2203131438,58910.7142857143,-4220.07734225633,-7791.36476538258,0.285714285714286,0,NA,NA,NA,NA,NA,NA,NA,NA,"2010","Latin America and Caribbean","Bahamas, The","High income"
"Bangladesh","Bangladesh2013",276,3646.83998622601,2841.52121638315,2862.92340227397,3812.76965509129,-590.225136775813,-579.249343558171,0.924916958010385,733,2541.25398411265,1788.24814508725,2168.56442344023,2428.01290559743,-812.397538298163,-246.347917657307,0.29638336295812,96,NA,NA,NA,NA,NA,NA,NA,NA,"2013","South Asia","Bangladesh","Lower middle income"
"Barbados","Barbados2010",25,55816.7715638119,35161.4765651051,50406.535755105,74386.6666666667,-10007.7500096426,-2115.38826819714,0.29781362312749,14,22436.0856399614,22197.8644204599,8454.29018040148,12658.3333333333,1895.4054743797,763.573900934788,1.88624417755794,0,NA,NA,NA,NA,NA,NA,NA,NA,"2010","Latin America and Caribbean","Barbados","High income"
"Belarus","Belarus2013",36,19557.218744776,19733.6720543087,13504.6009727826,20052.8551883435,-10015.8363155427,-10290.7565892047,0.106919177288242,36,13349.1709064939,8872.52203013344,15011.4526474553,12971.323348029,-3908.35612603499,-1332.84467317118,0.405373644969949,1,NA,NA,NA,NA,NA,NA,NA,NA,"2013","Europe and Central Asia","Belarus","Upper middle income"
"Belize","Belize2010",19,28175.612229336,26899.7983851254,13022.7589459443,18964.1330891331,7834.08655508164,9458.08093961321,1.13481085887573,51,18424.9523081418,17109.6724746366,11288.1608654994,14762.5,-637.871596507811,-1409.55945808887,2.0007593304648,2,NA,NA,NA,NA,NA,NA,NA,NA,"2010","Latin America and Caribbean","Belize","Upper middle income"
"Bhutan","Bhutan2015",18,3231.11742348688,1088.93391905132,5261.87513667595,5422.94165939061,2714.35500315886,355.54756622565,3.02021772495493,47,5013.50903851634,2156.578956607,5893.79679898614,7002.15981080238,641.800746234725,1751.88302656564,1.356148039653,6,NA,NA,NA,NA,NA,NA,NA,NA,"2015","South Asia","Bhutan","Lower middle income"
"Bih","Bih2013",37,26284.7769709469,14710.8779309963,23156.0412248286,20431.6794707194,-6576.21141547001,-3537.36890574613,0.590510694198514,31,23659.2110105019,15627.8800137804,23124.0155475074,16160.0349822117,-1974.97403826418,-451.016981993705,1.58274826112351,7,NA,NA,NA,NA,NA,NA,NA,NA,"2013","Europe and Central Asia","Bosnia and Herzegovina","Upper middle income"
"Bolivia","Bolivia2010",12,6542.14296635051,7098.93246847483,3035.30632519499,2882.1387169663,988.45533848756,1202.26887936876,1.41652131344314,23,9629.37410576819,8568.66678068164,8316.03466537294,6483.61823361823,2093.83229550967,2717.06505953079,0.854463214188145,4,NA,NA,NA,NA,NA,NA,NA,NA,"2010","Latin America and Caribbean","Bolivia","Lower middle income"
"Botswana","Botswana2010",12,13835.5939062844,9595.02590755797,11693.349314771,9801.91701598172,241.441357705981,-320.575634545652,2.45822440026684,50,13720.081470736,10642.2037420765,12609.2471447566,15024.7665484408,3071.75498760252,3193.66342079397,1.05555555555556,2,NA,NA,NA,NA,NA,NA,NA,NA,"2010","Sub-Saharan Africa","Botswana","Upper middle income"
"Brazil","Brazil2009",276,50243.8912287474,37653.4897371923,46582.8811702053,59948.9867778242,-4523.78523246981,-9824.7101234515,1.06848814362003,796,20670.5114496416,14873.0938780678,20463.3581406487,23847.884252707,-2096.22678258755,6485.96675681781,0.9375,39,NA,NA,NA,NA,NA,NA,NA,NA,"2009","Latin America and Caribbean","Brazil","Upper middle income"
"Bulgaria","Bulgaria2013",33,12573.691426201,9029.16773512061,10970.1198646014,13309.6372572264,14.2679337550522,-331.32621368274,0.742530893811392,41,9167.43684004241,6069.7035585351,7734.13915841383,8203.25109132053,-64.9492128814879,-1257.66854341584,1,6,NA,NA,NA,NA,NA,NA,NA,NA,"2013","Europe and Central Asia","Bulgaria","Upper middle income"
"Burkinafaso","Burkinafaso2009",12,25924.4086450876,11740.4934082468,27915.0219568023,59430.6878962794,-6786.0010595244,-1082.04662438101,0.483181119165378,28,19802.1771159008,11543.3858175487,23717.8856499094,28949.8110173433,-5253.22544822824,455.744760082382,1.35506666945399,3,NA,NA,NA,NA,NA,NA,NA,NA,"2009","Sub-Saharan Africa","Burkina Faso","Low income"
"Burundi","Burundi2014",17,10358.2390898631,5630.72504200651,8752.55417257944,12178.0798341784,1779.06888238711,1936.55002542672,1.20935434238223,30,8134.16559907179,6202.33966822837,7037.87072279042,8677.79263267287,-78.9160078145113,74.3060102339972,1.25870418148703,1,NA,NA,NA,NA,NA,NA,NA,NA,"2014","Sub-Saharan Africa","Burundi","Low income"
"Cameroon","Cameroon2009",20,43343.984866545,19424.2222050158,63424.099330647,24260.9124763048,62248.6744872844,41597.4894489354,9.14915862671245,46,9784.22737677141,5724.79627230468,9621.97806529619,8673.90407833793,3379.48185227486,3437.7319465069,0.27408323880607,4,NA,NA,NA,NA,NA,NA,NA,NA,"2009","Sub-Saharan Africa","Cameroon","Lower middle income"
"Chile","Chile2010",209,51546.1458123174,32124.2093239597,48726.6538982157,47426.1837744209,19598.9912818347,14249.964490383,1.02486019498727,396,22034.3243306376,17185.7672531397,16316.0942306453,19661.7731120192,6580.73794157423,7806.59061727724,1.165574243259,29,NA,NA,NA,NA,NA,NA,NA,NA,"2010","Latin America and Caribbean","Chile","High income"
"China","China2012",420,28419.8507771274,19380.5885326734,27170.5768260834,28757.4615061188,-4024.15197448865,-4268.53925030952,0.54717794294305,917,24277.5334719852,17975.7540342975,19801.413570363,22969.0190438246,-5349.3353415309,-4066.6330020663,1.57111172639666,67,10,7393.10792294797,8745.14566529372,4239.46264480903,6689.54846562071,-1270.51653040365,-1126.49033512517,0.411962436259852,"2012","East Asia and Pacific","China","Upper middle income"
"Colombia","Colombia2010",255,35672.5133328914,33133.665632612,25512.666498158,36335.9878408272,12873.2855138352,14900.1210637402,2.5043934867825,295,12671.9817865097,12034.3356619078,9498.81568126668,10565.0122251064,2899.58180065511,4501.75612849331,1.38785716666614,39,NA,NA,NA,NA,NA,NA,NA,NA,"2010","Latin America and Caribbean","Colombia","Upper middle income"
"Costarica","Costarica2010",79,27044.0433108809,26112.9611079782,17571.197144785,24981.2130243175,-1605.79103412266,2628.63771657069,1.29480383803884,119,11411.7971724584,9936.52185119194,10294.5545423711,11988.2638245013,3200.87411776701,2052.86409532135,1.61189516273985,3,NA,NA,NA,NA,NA,NA,NA,NA,"2010","Latin America and Caribbean","Costa Rica","Upper middle income"
"Cotedivoire","Cotedivoire2009",20,24079.6463627363,13381.1419037296,32237.2434876031,25704.5006566662,1189.80706048312,-2818.50643005982,0.344097587201607,91,2152.14431935362,1653.23282253168,2017.52306437526,1782.35242898532,109.363305133363,693.600688025247,1.08296558253449,32,NA,NA,NA,NA,NA,NA,NA,NA,"2009","Sub-Saharan Africa","Cote d'Ivoire","Lower middle income"
"Croatia","Croatia2013",53,40212.4098445175,33085.2389517717,28128.6580883728,32972.7939278522,14507.2256786866,13665.6180042028,1.45420598616559,30,28731.1529402541,27148.1747122831,14856.0601316726,12075.065546751,5855.75019237838,6046.69602857436,0.836311672246782,6,NA,NA,NA,NA,NA,NA,NA,NA,"2013","Europe and Central Asia","Croatia","High income"
"Czech","Czech2013",36,37923.6815916467,32498.2938595241,25775.1184756114,29556.2597747152,-2425.11045996854,1347.54022430801,0.634516758135908,10,28557.5607786255,16101.270339566,32689.7961206229,38595.073661632,28518.9066452141,33845.8586003226,0.951541990359969,6,NA,NA,NA,NA,NA,NA,NA,NA,"2013","Europe and Central Asia","Czech Republic","High income"
"Djibouti","Djibouti2013",NA,NA,NA,NA,NA,NA,NA,NA,5,78910.0166848252,40434.2210593663,86385.1316963409,79982.3302797926,-32513.4025405712,-28951.9303458472,1.01129484720983,0,NA,NA,NA,NA,NA,NA,NA,NA,"2013","Middle East and North Africa","Djibouti","Lower middle income"
"Dominica","Dominica2010",7,20329.199441243,14396.0626102293,15876.08252072,18776.8440709617,-5486.13065817423,-5699.1374846353,0.158496732026144,16,20409.8947726422,13001.3227513228,13428.474550361,21779.8941798942,6406.97145056543,5778.15611653341,0.516666666666667,1,NA,NA,NA,NA,NA,NA,NA,NA,"2010","Latin America and Caribbean","Dominica","Upper middle income"
"Dominicanrepublic","Dominicanrepublic2010",33,14520.4901219586,12101.7666261009,14022.9497716293,9996.43905976206,-2966.06356396448,-2853.83497919754,1.28306549413315,59,13096.4268271704,9686.78622179765,9956.48780674407,9441.41982435553,-732.965073178932,-357.105337472351,0.480824140181246,4,NA,NA,NA,NA,NA,NA,NA,NA,"2010","Latin America and Caribbean","Dominican Republic","Upper middle income"
"Drc","Drc2013",17,79494.2597218762,4316.79650259679,190904.152666504,46831.577950132,-4619.90520524222,-4116.3823035201,0.338857783633157,141,2328.79862981167,679.362277152738,3835.48841795885,2044.2598510829,1050.07432116099,844.368038634008,1.01605952310885,26,NA,NA,NA,NA,NA,NA,NA,NA,"2013","Sub-Saharan Africa","Congo, Dem. Rep.","Low income"
"Ecuador","Ecuador2010",29,21567.1133938883,19667.1511783554,14534.0148362959,15861.1818181818,11760.2018759815,9091.40980533644,1.37423709514844,60,18560.399682948,16930.838227491,13953.0262848975,17088.6866666667,623.260357147746,5550.69028716027,1.16636811319422,8,NA,NA,NA,NA,NA,NA,NA,NA,"2010","Latin America and Caribbean","Ecuador","Upper middle income"
"Egypt","Egypt2013",292,12589.5261480316,8482.64842348429,12838.1679660275,11604.9676130805,1557.31598089566,-2181.76549940171,1.02252129841273,1051,7255.45758505972,4599.44687797288,7468.55463996468,7722.47140205273,-256.940035420343,-92.1486749412466,1,118,NA,NA,NA,NA,NA,NA,NA,NA,"2013","Middle East and North Africa","Egypt, Arab Rep.","Lower middle income"
"Elsalvador","Elsalvador2010",61,14341.3001930079,13241.1773604372,10466.0586401399,10001.411369509,3546.33036419972,208.493978492493,0.602183154421627,30,4260.35514934568,3884.51935789563,4446.63745785128,7135.83333333333,2032.68389604136,1265.72934389706,2.32974928152821,3,NA,NA,NA,NA,NA,NA,NA,NA,"2010","Latin America and Caribbean","El Salvador","Lower middle income"
"Estonia","Estonia2013",43,34586.1097495202,31801.4119407523,23342.9200672397,30069.0586993048,-346.807777991908,-3333.79201710012,1.67616502513722,10,29440.6485076971,24151.333204008,23593.6199998648,34179.0197945376,7023.31587118283,3786.1892172009,2.14547415803524,2,NA,NA,NA,NA,NA,NA,NA,NA,"2013","Europe and Central Asia","Estonia","High income"
"Ethiopia","Ethiopia2011",18,4714.28633355572,4623.54494091381,3168.22545351277,3635.32326029253,-2080.09505368854,-2248.88245462619,0.218173374613003,90,8411.64557137937,3681.51625311109,11398.1717617816,11391.4833168086,1044.88073593409,1229.66788253136,0.947250942149883,15,NA,NA,NA,NA,NA,NA,NA,NA,"2011","Sub-Saharan Africa","Ethiopia","Low income"
"Fyrom","Fyrom2013",47,11746.8366130242,10788.5533115185,9580.82646908619,12938.7368089692,-4707.0749963425,-2312.64858514746,0.35175984681949,54,11202.4904383855,10023.8429048552,8164.9227106657,10164.8296183473,327.886288710622,957.511223229232,1.82850422341286,3,NA,NA,NA,NA,NA,NA,NA,NA,"2013","Europe and Central Asia","Macedonia, FYR","Upper middle income"
"Georgia","Georgia2013",12,6869.70244435257,3146.57782968844,9488.83672266699,11886.6113467801,4598.19788092596,10100.7705484081,0.131812640701545,45,6603.81587243747,3889.14691364349,7958.10438381897,4079.34854358304,3660.62557939726,4184.54103685972,2.10679740570856,4,NA,NA,NA,NA,NA,NA,NA,NA,"2013","Europe and Central Asia","Georgia","Lower middle income"
"Ghana","Ghana2013",45,13785.2377953001,9231.58695824013,16144.3982281017,16219.9276684725,11343.8615147653,9140.38054392841,0.702965025341001,129,5629.43665769988,3326.74133525103,7043.64323910776,5929.90360360803,-431.943616803636,-756.451307418252,0.666666666666667,15,NA,NA,NA,NA,NA,NA,NA,NA,"2013","Sub-Saharan Africa","Ghana","Lower middle income"
"Grenada","Grenada2010",7,28681.1022133642,13620.4700709228,33209.8468236231,42466.1333333333,25050.1956237877,24075.5342074714,4.16666666666667,13,10737.6453287339,8656.63015976921,8233.51395151683,7709.59757834758,-4233.49448011813,-4129.05788166834,0.205116928242645,0,NA,NA,NA,NA,NA,NA,NA,NA,"2010","Latin America and Caribbean","Grenada","Upper middle income"
"Guatemala","Guatemala2010",100,13292.2313620077,10743.7257844366,14363.8643673741,22072.4499942314,7797.83695245287,6102.00596133385,0.81738209027094,112,4969.57039358992,3846.87697504886,4299.30197540002,3896.02440028591,1078.3106654494,1093.16891047741,0.516385445308423,16,NA,NA,NA,NA,NA,NA,NA,NA,"2010","Latin America and Caribbean","Guatemala","Lower middle income"
"Guyana","Guyana2010",25,19430.3219428265,17322.5201870354,17195.014598216,18975.784663159,3871.55819911993,4666.30202607392,0.33828177154858,28,10956.5157521036,9212.86643190744,9874.33209634307,10354.7793576857,2775.52464850952,3111.23789422313,1.10191321945732,4,NA,NA,NA,NA,NA,NA,NA,NA,"2010","Latin America and Caribbean","Guyana","Lower middle income"
"Honduras","Honduras2010",19,5133.89394302615,213.549337169943,18362.6099172094,4258.97106712991,-2732.6212032228,-4276.18019082873,0.979064891851141,71,6321.71123097641,1107.40018641202,9789.30651609933,12104.6222364024,5756.41330821516,949.325019068176,0.875,10,NA,NA,NA,NA,NA,NA,NA,NA,"2010","Latin America and Caribbean","Honduras","Lower middle income"
"Hungary","Hungary2013",15,115432.527773423,68188.1895412133,109445.86423998,223760.228225693,-47413.0213242918,-24822.1290998636,1.04473730416676,16,89924.6840065597,17749.9866461039,156535.735846795,49701.1494466458,-55000.8373871996,-50951.5714859653,0.314398228746597,1,NA,NA,NA,NA,NA,NA,NA,NA,"2013","Europe and Central Asia","Hungary","High income"
"India","India2014",927,14364.4266350648,9818.65520743815,13643.9428405826,13973.5468423611,-2288.28949290008,-896.370776168678,0.923076923076923,3943,7949.52386454679,5424.48156495481,7780.89892158922,7598.31594603217,159.628305837856,676.054001322622,0.866666666666667,371,NA,NA,NA,NA,NA,NA,NA,NA,"2014","South Asia","India","Lower middle income"
"Indonesia","Indonesia2009",118,5964.9896044979,2290.50378536503,7880.72617350428,7440.51142286696,-1984.66603852997,577.257776852357,0.60993714761571,521,1351.29461239898,1104.33286203012,1251.7457596847,1389.6101947643,116.515177017341,125.621580058986,1,126,NA,NA,NA,NA,NA,NA,NA,NA,"2009","East Asia and Pacific","Indonesia","Lower middle income"
"Iraq","Iraq2011",17,9223.23111401147,8492.36644530513,5108.05503064587,5968.56147825812,63.532912767485,86.888735860245,0.79469798992204,428,18372.9576080114,13330.5256386038,17004.3828862548,16858.429817692,-3041.09716482117,-3521.70854803888,0.717473884433799,25,NA,NA,NA,NA,NA,NA,NA,NA,"2011","Middle East and North Africa","Iraq","Upper middle income"
"Israel","Israel2013",56,83199.5172744678,79328.9081977213,46414.5212841482,57227.8383460382,-1048.92864705623,4870.1488963086,1.71247671670725,75,93484.7772648514,72462.7721151152,60427.1156099583,94758.3801903109,-13492.3102436754,182.766474852214,0.994903600057059,1,NA,NA,NA,NA,NA,NA,NA,NA,"2013","Middle East and North Africa","Israel","High income"
"Jamaica","Jamaica2010",24,28807.5929777402,17744.0403234192,24973.671947505,29012.1797168383,10418.0771927313,6342.05396346229,1.5999463305194,60,11525.8588826489,10206.5736641011,5664.95241429189,6027.27356395568,3118.17918754388,6283.9548708381,1.24010839770108,9,NA,NA,NA,NA,NA,NA,NA,NA,"2010","Latin America and Caribbean","Jamaica","Upper middle income"
"Jordan","Jordan2013",124,24486.2320593336,14525.1794897452,24852.0833718169,41367.7357441294,1800.51696661345,-8764.20860022747,2.17521167405278,106,17951.6931984367,11107.6736717529,19574.5538659539,18458.1222983571,10947.4391130182,6530.88769735944,2,12,NA,NA,NA,NA,NA,NA,NA,NA,"2013","Middle East and North Africa","Jordan","Upper middle income"
"Kazakhstan","Kazakhstan2013",7,15822.9077666105,9608.01071510286,13777.7599905908,19738.4081462666,1860.85149935619,2755.20248949283,1.18899546681538,59,12053.5484400002,10089.0713742744,8256.25385738884,10177.6611956499,240.419077827032,1200.67127280247,1.02848059235048,3,NA,NA,NA,NA,NA,NA,NA,NA,"2013","Europe and Central Asia","Kazakhstan","Upper middle income"
"Kenya","Kenya2013",138,32242.9700713523,20325.3579529575,35606.6204063734,36960.9216847138,28773.078305847,21563.0364977433,1.05468715575474,110,19504.9460847504,10642.8705711179,22848.479884655,15331.3114508032,-4320.90480261833,-1481.34806781056,0.522690139007445,25,NA,NA,NA,NA,NA,NA,NA,NA,"2013","Sub-Saharan Africa","Kenya","Lower middle income"
"Kosovo","Kosovo2013",17,30955.5820088779,29271.02276712,32938.0740408065,40029.5004685553,-1154.72884959852,-8481.15742345162,1.82805140903044,25,16176.9759641961,8794.68206764902,15834.7206031837,14647.0489109431,8140.07977781794,5253.09568230884,0.966513667405649,4,NA,NA,NA,NA,NA,NA,NA,NA,"2013","Europe and Central Asia","Kosovo","Lower middle income"
"Kyrgyzstan","Kyrgyzstan2013",7,3030.31245487892,3839.68402686584,1460.37410716643,2157.56088398429,94.8336744887658,169.391271206657,1.0553694171443,29,5452.03021204663,4128.06286045819,3997.80347953732,4759.82057425615,4.88043613036773,129.970485486419,0.840126687301862,1,NA,NA,NA,NA,NA,NA,NA,NA,"2013","Europe and Central Asia","Kyrgyz Republic","Lower middle income"
"Laos","Laos2012",32,910.613762189611,1079.62617084343,7446.49204011432,6486.66463070429,961.622339066488,-34.9535134182212,3.72943051250482,31,2650.05141097247,2627.97108929389,1733.09355186874,2421.63302645673,-488.499773536667,-234.665609301647,1.05170325101845,9,NA,NA,NA,NA,NA,NA,NA,NA,"2012","East Asia and Pacific","Lao PDR","Lower middle income"
"Latvia","Latvia2013",20,17249.8603650769,16178.2993478443,9281.61361625461,10756.5094345696,1173.20614507789,4348.22210120115,1.38438067475927,6,8288.75253276565,10296.7312390536,6105.36137761481,10344.985895641,2683.20798538945,2542.26112647249,1.05304546400588,0,NA,NA,NA,NA,NA,NA,NA,NA,"2013","Europe and Central Asia","Latvia","High income"
"Lebanon","Lebanon2013",81,32701.8700819866,28339.2882957744,23587.8184490365,24040.007256707,4398.4463528222,-2923.91524831875,0.639184284823113,62,23798.4850699011,17864.1122538104,19687.3395181237,18718.2682357806,1028.13861145238,-2187.43250489238,0.461151712025682,9,NA,NA,NA,NA,NA,NA,NA,NA,"2013","Middle East and North Africa","Lebanon","Upper middle income"
"Lithuania","Lithuania2013",27,27001.7355679078,14759.8239299327,27405.8520341893,23328.8609977756,-7121.49148517002,5938.07426056456,0.81976583068047,16,18453.7404760228,14439.128542729,21857.1655371028,27659.1345274631,7877.46858007392,5041.4755212082,2.40581910887682,1,NA,NA,NA,NA,NA,NA,NA,NA,"2013","Europe and Central Asia","Lithuania","High income"
"Madagascar","Madagascar2013",61,3071.53079246915,1631.18566409785,4327.45035457379,5386.30038584006,-295.515890269508,20.4446768193854,3.14321436373148,112,1274.77813236494,1100.94742150932,1819.3376816592,1403.97484345817,-17.4777902631907,-326.621171793382,0.212489180664447,17,NA,NA,NA,NA,NA,NA,NA,NA,"2013","Sub-Saharan Africa","Madagascar","Low income"
"Malawi","Malawi2014",5,85314.1347333363,60403.6283298728,101692.3169523,165045.240242951,-44095.6000637788,-30928.9242385188,0.114155761397825,33,12296.5460659892,2330.33701436533,18815.6435128979,16440.7203205569,-212.962648555357,914.310426725319,0.966414750357467,1,NA,NA,NA,NA,NA,NA,NA,NA,"2014","Sub-Saharan Africa","Malawi","Low income"
"Mali","Mali2010",2,3296.05325313668,3296.05325313668,1646.81440301847,2328.94726346007,1272.39578820372,1153.84799095938,98.307438511915,12,4734.98917501523,1675.9139053835,6647.37099993524,2642.84815357853,-1107.35345858209,-990.388490698446,0.422937731289513,2,NA,NA,NA,NA,NA,NA,NA,NA,"2010","Sub-Saharan Africa","Mali","Low income"
"Mauritania","Mauritania2014",19,29761.3744238977,20093.9806496753,34578.5146954146,28890.6295509229,-10395.2702421715,-11948.0037519953,1.75525912994125,8,87021.4805040359,18608.6647372152,118585.898870229,212802.559809182,-34210.447075657,-25013.632184363,0.126042604437544,1,NA,NA,NA,NA,NA,NA,NA,NA,"2014","Sub-Saharan Africa","Mauritania","Lower middle income"
"Mauritius","Mauritius2009",56,12417.3073409302,11017.1286890794,11912.5014955818,13270.6869533222,1003.56069722362,7770.18567555634,6.45653362161585,69,12091.0367005299,11932.8203217623,9641.02102194401,13954.1792768349,13881.8759467985,12112.0465304588,0.409228976229347,9,NA,NA,NA,NA,NA,NA,NA,NA,"2009","Sub-Saharan Africa","Mauritius","Upper middle income"
"Mexico","Mexico2010",341,24577.5001347481,16297.334064674,25287.5145284319,24618.6684538033,15529.8405132612,15485.7920453981,4.16666666666667,645,9625.03102832701,6331.56907266164,9457.75558156751,9299.00745455222,4609.74312836777,2893.32999280068,1.18698468067784,96,NA,NA,NA,NA,NA,NA,NA,NA,"2010","Latin America and Caribbean","Mexico","Upper middle income"
"Moldova","Moldova2013",18,12556.1523723258,4939.81058900549,15225.6583927181,14427.8171439963,8308.11632596612,1725.95485020635,0.177205664514068,37,13408.583129263,10388.6450813321,11881.0932238654,11430.3171446791,-2340.97358377572,-3146.24250899611,1.17730681757399,3,NA,NA,NA,NA,NA,NA,NA,NA,"2013","Europe and Central Asia","Moldova","Lower middle income"
"Mongolia","Mongolia2013",14,11654.1452791443,9316.8593569825,11353.5750270962,7542.83355720769,-2428.16629164827,-2332.30447956234,0.782281547789878,52,7698.07260966799,6428.63672668112,5744.92181873245,5770.47797209359,1445.00110487559,873.756964358572,0.913071232351865,6,NA,NA,NA,NA,NA,NA,NA,NA,"2013","East Asia and Pacific","Mongolia","Upper middle income"
"Montenegro","Montenegro2013",7,15269.9574290926,6239.64538592729,21209.02901037,18405.9595960666,1760.1090903235,4445.77672502221,1.5144195546259,12,31079.4529544362,38353.3208752133,19087.8119228422,32042.8222238087,3475.66211148429,1137.17971137681,1.11790268817229,2,NA,NA,NA,NA,NA,NA,NA,NA,"2013","Europe and Central Asia","Montenegro","Upper middle income"
"Morocco","Morocco2013",46,14523.7592145108,10345.1919279208,11973.0453350405,14057.2653013543,-4362.56047953928,-4138.87418019165,0.658165950160672,47,20207.0960961087,11281.4348790443,21314.0333133804,21043.2767167343,-552.321918202282,4783.79811538193,1.40694286100631,10,NA,NA,NA,NA,NA,NA,NA,NA,"2013","Middle East and North Africa","Morocco","Lower middle income"
"Myanmar","Myanmar2014",49,7716.55405197169,3813.39184778595,9856.65729343388,7213.52798166157,-3995.75679665395,-2746.07606528938,0.331870468319507,180,4945.42688201064,3574.74671483471,3931.15982432014,3527.42609273079,-197.288913492402,-531.401567164596,0.779961913518988,21,NA,NA,NA,NA,NA,NA,NA,NA,"2014","East Asia and Pacific","Myanmar","Lower middle income"
"Namibia","Namibia2014",11,67636.0170672786,42307.7846249705,79015.426018955,75620.7086849222,-1566.58768765637,1520.76452863595,1.9817754032545,21,14300.0036678188,4392.85496291907,25746.7954763007,21813.1495537263,4293.65944028339,4241.62607130284,1.65973773390485,2,2,-980.826802837965,-980.826802837966,7128.76793118876,10081.6002912975,2607.31042016315,2607.31042016315,2.07142857142857,"2014","Sub-Saharan Africa","Namibia","Upper middle income"
"Nepal","Nepal2013",29,2503.44487593099,1590.68312408148,2002.87277154503,1654.88690321602,-75.9054995752487,-682.812124897282,2.402748974361,147,2996.54743488667,2158.34327365271,2313.72472195554,2157.62390078903,426.244148412228,1267.90969583087,1.4,59,NA,NA,NA,NA,NA,NA,NA,NA,"2013","South Asia","Nepal","Low income"
"Nicaragua","Nicaragua2010",16,6085.7698120924,6324.21624532279,3869.13601423957,2596.55279316218,-2533.55557356661,-3124.61638058731,0.0710915401528637,60,5065.47604299566,3538.44522692955,5654.30043862228,6640.87244817208,2219.88260633179,946.561151856145,0.97117671096807,9,NA,NA,NA,NA,NA,NA,NA,NA,"2010","Latin America and Caribbean","Nicaragua","Lower middle income"
"Nigeria","Nigeria2014",136,614.56227120909,293.976618923053,1048.42599598584,358.62537138809,-25.4997785328433,137.130366663858,2.34846110580117,338,687.959086737202,276.355675018706,1072.84722850775,991.143750892018,-25.6399460586883,-83.7223477057077,1.11111111111111,89,2,194.172341913057,194.172341913057,91.2699321890843,129.075175938676,50.1656671854347,49.786139290632,4.34147249338127,"2014","Sub-Saharan Africa","Nigeria","Lower middle income"
"Pakistan","Pakistan2013",54,12239.1566968182,5190.2809041685,15981.4814623798,17269.67545081,15752.4784814997,11699.486475746,1.17486763355584,155,10889.4254311946,4475.38163585194,29013.9620854313,8992.73269521412,-3720.67847695364,-6121.70387892909,0.564468463676535,26,NA,NA,NA,NA,NA,NA,NA,NA,"2013","South Asia","Pakistan","Lower middle income"
"Panama","Panama2010",6,703870.604434215,487247.353517353,687880.169608521,1149843.85964912,457969.059203796,458572.61798447,0.406883812321591,29,9756.00585328556,7067.30905105647,10445.0522472828,8378.5,5896.70247260486,1184.34053661221,1.28100275872623,6,NA,NA,NA,NA,NA,NA,NA,NA,"2010","Latin America and Caribbean","Panama","Upper middle income"
"Paraguay","Paraguay2010",28,52582.5322683136,37803.8280405842,47708.5328633339,57762.1383096614,25498.6256888544,6153.82943492067,1.08648049075211,58,11284.1847057936,9509.00272823062,8192.93627030041,8640.44117429633,8697.97066735238,7378.4191406302,1.8724212226727,2,NA,NA,NA,NA,NA,NA,NA,NA,"2010","Latin America and Caribbean","Paraguay","Upper middle income"
"Peru","Peru2010",256,23450.2240179767,20595.2299351278,18630.062565873,20648.5675782623,7449.74027564932,4296.76920447149,1.39014050630428,277,12575.0403060027,10254.8771713486,8952.81558429479,11365.3911079874,3136.91050502298,3725.61942841629,2.33333333333333,40,NA,NA,NA,NA,NA,NA,NA,NA,"2010","Latin America and Caribbean","Peru","Upper middle income"
"Philippines","Philippines2009",215,10607.8913995995,6505.02678336432,11756.2325481915,13264.606148284,649.514695036437,1263.62576629262,0.626178312548829,362,7888.85744352941,5098.69514434666,9798.77641447386,7832.64543753353,-483.099093242837,440.730308038366,0.718057536506521,76,NA,NA,NA,NA,NA,NA,NA,NA,"2009","East Asia and Pacific","Philippines","Lower middle income"
"Poland","Poland2013",14,32001.5103191415,25841.3428938038,30305.5763165867,51289.3190676137,-6957.82791007095,-5739.34852967396,0.680576602043565,23,23137.5897094597,23389.8123669131,22647.9563817336,28944.163499303,-10448.3142861765,-10171.6506975639,0.143524506368403,6,NA,NA,NA,NA,NA,NA,NA,NA,"2013","Europe and Central Asia","Poland","High income"
"Romania","Romania2013",62,16039.8534364425,12077.707691149,14575.0695886907,11491.9120868375,-2480.03461383977,-1342.99651773135,0.500717449058324,50,18433.8560214092,12144.1082590792,21500.015191498,14550.8177792232,-2947.72391653521,-954.489352081925,0.705219934895402,12,NA,NA,NA,NA,NA,NA,NA,NA,"2013","Europe and Central Asia","Romania","Upper middle income"
"Russia","Russia2012",92,27009.0604400957,18426.1215714072,19325.0215598369,19041.109671161,37516.616567508,20742.5522347652,0.629226867423279,403,17421.809224261,13350.742835088,13862.4381218475,19016.9621616668,-2201.56057369163,-3713.30830843563,1.37928266632559,29,NA,NA,NA,NA,NA,NA,NA,NA,"2012","Europe and Central Asia","Russian Federation","High income"
"Senegal","Senegal2014",26,58727.3788621634,46954.0084923609,55913.9730432427,79997.9777308228,18182.3455100955,18167.7238998798,4.51048778779071,116,6253.45596805452,4306.01678465973,6488.62880388268,7318.11443272829,376.556060771647,952.436093740146,1.16166678068502,9,NA,NA,NA,NA,NA,NA,NA,NA,"2014","Sub-Saharan Africa","Senegal","Lower middle income"
"Serbia","Serbia2013",47,24473.8325302584,17752.7151675439,21562.1077654198,25811.0075372676,4726.39284259408,-1616.94562479438,0.423835315478152,28,27375.7885110421,21686.5917831656,23296.9142257447,40362.2156004618,171.496492150402,-5930.08055358662,1.19825533709905,6,NA,NA,NA,NA,NA,NA,NA,NA,"2013","Europe and Central Asia","Serbia","Upper middle income"
"Slovakia","Slovakia2013",17,37017.9539768202,23903.9104396864,48272.8800133228,32411.8879109937,-12409.3874018884,-16935.2427034098,0.475214362023304,8,17720.9226440535,17033.681512187,6197.27337303189,4956.54960282841,2352.47999564482,3428.28637396577,1.8644845427022,5,NA,NA,NA,NA,NA,NA,NA,NA,"2013","Europe and Central Asia","Slovak Republic","High income"
"Slovenia","Slovenia2013",50,106264.147466728,78660.2129628467,85455.4189800459,67660.6554359477,12383.1564370061,-9886.66386755817,0.800418242419402,10,37557.8832223905,38795.7477723034,15579.7886990792,25881.2585382407,-9202.73626989923,-13834.5736963912,0.32743607946865,2,NA,NA,NA,NA,NA,NA,NA,NA,"2013","Europe and Central Asia","Slovenia","High income"
"Southsudan","Southsudan2014",2,11147.3995910681,11147.3995910681,518.099238582534,732.702969858594,273.206591200487,301.70122288295,6.18151694632973,64,8179.92739812538,4393.01793269198,10009.1464777871,7650.28688915161,52.8200823334976,72.2609017650353,0.766598951869297,8,NA,NA,NA,NA,NA,NA,NA,NA,"2014","Sub-Saharan Africa","South Sudan","Low income"
"SriLanka","SriLanka2011",65,4940.88320578342,3621.88550760113,4281.74750379526,3469.60535539344,20.5192658314805,-106.688282431475,0.240773337086387,200,3228.20146792049,2146.84136440328,3364.37104734873,2171.2414729334,1329.48444878133,745.42488783977,1.29777878324882,37,NA,NA,NA,NA,NA,NA,NA,NA,"2011","South Asia","Sri Lanka","Lower middle income"
"Stkittsandnevis","Stkittsandnevis2010",11,13492.1232479262,10535.3864590049,6783.40493431589,6650.61728395062,2788.66451142262,2090.71857339501,1.20490620373335,7,8541.82098874234,7912.45791756636,2494.35730798487,3906.17283950617,2655.78051857347,2488.21571403731,1,3,NA,NA,NA,NA,NA,NA,NA,NA,"2010","Latin America and Caribbean","St. Kitts and Nevis","High income"
"Stlucia","Stlucia2010",24,19975.3101289635,16779.4376557911,14850.7693796308,17615.5631334659,5085.0370006163,5323.58142833542,2.52966086695298,34,14745.390937469,12016.8096247359,8949.46250512955,8685.18518518519,2558.11869659708,2393.41532571431,0.787356313846121,1,NA,NA,NA,NA,NA,NA,NA,NA,"2010","Latin America and Caribbean","St. Lucia","Upper middle income"
"Stvincentandthegrenadines","Stvincentandthegrenadines2010",18,22591.2954557925,19701.2395262345,12197.3079714737,13534.4581618656,5071.44404088873,4500.97660011684,4.28861799437547,24,15662.3257086941,14790.5098505912,5315.79585223302,7146.24338624339,-3.22298049162861,155.361995032568,0.88783805128323,0,NA,NA,NA,NA,NA,NA,NA,NA,"2010","Latin America and Caribbean","St. Vincent and the Grenadines","Upper middle income"
"Sudan","Sudan2014",3,44471.0648535325,12672.3419158794,81322.3831856737,146241.888523151,45762.5194251044,50838.2948722636,1.22169352841851,9,2766.71547212393,2831.00377874695,3172.40973243625,3549.11741310478,-623.654968166033,-787.356317061189,1.42857142857143,2,NA,NA,NA,NA,NA,NA,NA,NA,"2014","Sub-Saharan Africa","Sudan","Lower middle income"
"Suriname","Suriname2010",14,14746.0153878907,14363.1309105987,8164.0972054707,8682.45294474803,659.934262167333,600.832047796662,1.0684926915847,53,15452.6117135979,16315.3455337851,4108.1507045097,4348.0267152399,461.626933331965,658.610674075271,0.85769226285149,4,NA,NA,NA,NA,NA,NA,NA,NA,"2010","Latin America and Caribbean","Suriname","Upper middle income"
"Sweden","Sweden2014",216,137708.794130647,125839.069771261,75503.0275917373,94760.1000778596,31822.6845499898,24003.3814798699,0.956521739130435,38,143597.903396872,140931.879329592,64195.4103248702,73098.4877308103,27749.2144571455,35043.4208312955,1.81776485249237,16,NA,NA,NA,NA,NA,NA,NA,NA,"2014","Europe and Central Asia","Sweden","High income"
"Tajikistan","Tajikistan2013",8,4050.53260836176,1841.35861408725,5191.67681652094,6085.8024833811,1208.30937185017,1152.53568291258,0.996663685973347,49,2869.86162469932,1567.02995508723,3320.4299620058,3328.42683709222,-767.057338117424,-540.949218467287,0.655364792556985,2,NA,NA,NA,NA,NA,NA,NA,NA,"2013","Europe and Central Asia","Tajikistan","Lower middle income"
"Tanzania","Tanzania2013",28,6140.08568234631,5163.67921743564,5258.22815337798,5540.84886110992,-597.112002507325,-385.611100291236,10.538074853786,87,3865.79610061427,3534.67055056506,4210.09926331949,5274.63928168144,2325.44013320713,1524.49136747177,0.905397836955762,7,NA,NA,NA,NA,NA,NA,NA,NA,"2013","Sub-Saharan Africa","Tanzania","Low income"
"Trinidadandtobago","Trinidadandtobago2010",40,31717.4219931674,24250.4555558957,26149.8579991689,21628.7719584869,-5583.98771816862,-1091.31016852207,0.361722305974771,55,22157.9396735244,17198.8046493849,15250.9177642197,12295.7441352306,-2873.60592877674,-737.57262515528,1.04933656504203,3,NA,NA,NA,NA,NA,NA,NA,NA,"2010","Latin America and Caribbean","Trinidad and Tobago","High income"
"Tunisia","Tunisia2013",180,27435.0992106067,14890.8256889069,31579.2098312027,22363.0664780805,-8339.96716539033,-3925.92291992062,0.666666666666667,84,19482.2184727195,11962.3434352412,19739.7297059988,18437.9640929308,-1101.76908515111,2397.71731425268,0.521483371024982,13,NA,NA,NA,NA,NA,NA,NA,NA,"2013","Middle East and North Africa","Tunisia","Upper middle income"
"Turkey","Turkey2013",150,40489.8102394492,29876.0057091038,43893.5765987735,49106.3373415645,-4885.71704326811,-10608.3260924705,1.3959950995662,112,42052.8342168933,32559.1984122941,32844.6176342522,44849.1016137123,-6581.6267470998,-8824.40009015373,1.01692910846158,24,NA,NA,NA,NA,NA,NA,NA,NA,"2013","Europe and Central Asia","Turkey","Upper middle income"
"Uganda","Uganda2013",38,22263.8132362684,10929.9468852859,27828.8768744203,32416.3810817892,2364.85525817067,5347.38268656535,0.403092630435428,67,1465.21679538205,1029.99479553808,1990.86221763537,2507.45101084989,348.26886630055,0.125558374239284,0.369253797798255,21,NA,NA,NA,NA,NA,NA,NA,NA,"2013","Sub-Saharan Africa","Uganda","Low income"
"Ukraine","Ukraine2013",64,5031.32864803381,3444.20649115948,3902.18572054371,4126.9848418755,-357.07542110699,-1959.1646127845,3.47695353385493,182,6836.83619949042,5620.94073357107,5357.11537522954,5513.24781556128,-147.484102178137,-596.498313602384,0.282569900863339,21,NA,NA,NA,NA,NA,NA,NA,NA,"2013","Europe and Central Asia","Ukraine","Lower middle income"
"Uruguay","Uruguay2010",81,35238.6544209029,33110.8721830323,21770.3848799074,19260.3238068089,-288.739986297467,4906.30847732776,0.666036150705739,116,19312.2409044949,16436.2735731667,14324.3587443519,19558.5421108053,7039.74867545144,8479.54189926814,0.790449344796813,14,NA,NA,NA,NA,NA,NA,NA,NA,"2010","Latin America and Caribbean","Uruguay","High income"
"Uzbekistan","Uzbekistan2013",21,6662.64188404629,3132.85110913807,7530.5942888813,9316.79354240124,787.853568945933,-844.053418535004,0.182569265878331,64,4113.54896937361,2633.66528508359,3961.67153844691,4510.79034199581,1772.78184444321,1672.34799763939,0.938423004614877,19,NA,NA,NA,NA,NA,NA,NA,NA,"2013","Europe and Central Asia","Uzbekistan","Lower middle income"
"Venezuela","Venezuela2010",9,138487.009403402,141756.914625252,78415.1976684636,41635.4740048888,-5335.58946849383,-6725.43309576727,0.80660695963473,39,48465.7903452697,38231.651293239,45179.7762893771,66737.640561581,13780.9863752494,32139.4595664225,0.617686860375578,8,NA,NA,NA,NA,NA,NA,NA,NA,"2010","Latin America and Caribbean","Venezuela, RB","High income"
"Vietnam","Vietnam2009",295,10572.0784025612,6064.92792782061,10893.335024063,11823.5634863401,-2790.52358842604,-1911.26756473824,1,330,7760.56775473374,5104.76540187141,8221.76867190367,8757.15444519208,151.269237577581,1439.57538560498,1.13333333333333,29,NA,NA,NA,NA,NA,NA,NA,NA,"2009","East Asia and Pacific","Vietnam","Lower middle income"
"West Bank And Gaza","West Bank And Gaza2013",NA,NA,NA,NA,NA,NA,NA,NA,NA,NA,NA,NA,NA,NA,NA,NA,13,101,16856.3084112046,9511.11387421044,16624.3157135767,15946.5395670807,1919.43088119026,5204.65886478046,1.51037698840168,"2013",NA,NA,NA
"Yemen","Yemen2013",9,9651.12426501488,3097.17596159942,11340.4716895863,13351.5881700765,-1237.12751993426,4180.0594119547,0.299790257117085,60,5808.34669007144,5660.42090318417,4442.69624150675,5065.37273598972,-107.528804976772,1890.68025286514,1,9,NA,NA,NA,NA,NA,NA,NA,NA,"2013","Middle East and North Africa","Yemen, Rep.","Lower middle income"
"Zambia","Zambia2013",28,17114136.31645,15376554.2136562,12390048.6893646,21267519.8775225,2220097.52988765,3262381.41363176,3.47808382501775,173,7631258.9019566,4627689.2845742,7687607.53086828,8165235.80906883,2690238.85910809,3067494.40307536,1.34681438619815,15,NA,NA,NA,NA,NA,NA,NA,NA,"2013","Sub-Saharan Africa","Zambia","Lower middle income"
